reaction	linear_coefficient
4PEPTabcpp	0.01462811789225483
3PEPTabcpp	0.009150998145942236
12PPDt	7.79287826569965e-05
42A12BOOXpp	0.00024466505364336756
PEAMNOpp	0.00024466505364336756
TYROXDApp	0.00024466505364336756
13PPDH	9.798297332546036e-05
ARGDCpp	0.01282443370219629
4HTHRS	0.0014823962623946552
THRS	0.0014823962623946552
ARGORNt7pp	0.00013564054717939413
ARGSS	0.001959857559190669
ARGSL	0.001959857559190669
14GLUCANabcpp	0.005523063926693023
MALTPTabcpp	0.005523063926693023
MALTabcpp	0.005523063926693023
MALTHXabcpp	0.005523063926693023
MALTTTRabcpp	0.005523063926693023
MALTTRabcpp	0.005523063926693023
MALTtexi	0.014235498592336974
GLCtex_copy2	0.014235498592336974
14GLUCANtexi	0.014235498592336974
MALTHXtexi	0.014235498592336974
MALTTTRtexi	0.014235498592336974
MALTTRtexi	0.014235498592336974
MALTPTtexi	0.014235498592336974
AM4PCP	0.0003765121629243938
AGM4PCP	0.0003765121629243938
4PCP	0.0003765121629243938
UM4PCP	0.0003765121629243938
FORtex	0.03726567044126403
METDtex	0.03726567044126403
NI2tex	0.03726567044126403
3AMPtex	0.03726567044126403
CYStex	0.03726567044126403
PHEtex	0.03726567044126403
CUtex	0.03726567044126403
GLYCLTtex	0.03726567044126403
VALtex	0.03726567044126403
CD2tex	0.03726567044126403
23DAPPAtex	0.03726567044126403
GALURtex	0.03726567044126403
BUTSO3tex	0.03726567044126403
GTHRDtex	0.03726567044126403
DINStex	0.03726567044126403
DMSOtex	0.03726567044126403
CU2tex	0.03726567044126403
ALLtex	0.03726567044126403
GLCUR1Ptex	0.03726567044126403
GLYtex	0.03726567044126403
MOBDtex	0.03726567044126403
DCAtex	0.03726567044126403
PPAtex	0.03726567044126403
23CUMPtex	0.03726567044126403
FUCtex	0.03726567044126403
ACGAtex	0.03726567044126403
5DGLCNtex	0.03726567044126403
ANHGMtex	0.03726567044126403
GALtex	0.03726567044126403
FALDtex	0.03726567044126403
HOMtex	0.03726567044126403
23CGMPtex	0.03726567044126403
ACMANAtex	0.03726567044126403
HXAtex	0.03726567044126403
DOPAtex	0.03726567044126403
H2Otex	0.35291476356034573
LYStex	0.03726567044126403
LCTStex	0.03726567044126403
IDONtex	0.03726567044126403
34dhpactex	0.03726567044126403
AMPtex	0.03726567044126403
MAN6Ptex	0.03726567044126403
GTHOXtex	0.03726567044126403
23CCMPtex	0.03726567044126403
ARGtex	0.03726567044126403
DIMPtex	0.03726567044126403
MALDtex	0.03726567044126403
MALtex	0.03726567044126403
PItex	0.03726567044126403
ACtex	0.03726567044126403
RIBtex	0.03726567044126403
23CAMPtex	0.03726567044126403
ISETACtex	0.03726567044126403
L_LACtex	0.03726567044126403
Zn2tex	0.03726567044126403
ASPtex	0.03726567044126403
R5Ptex	0.03726567044126403
ACGALtex	0.03726567044126403
ILEtex	0.03726567044126403
PSERtex	0.03726567044126403
CYANtex	0.03726567044126403
ETHAtex	0.03726567044126403
DGSNtex	0.03726567044126403
NACtex	0.03726567044126403
RMNtex	0.03726567044126403
DMStex	0.03726567044126403
NAtex	0.03726567044126403
PTRCtex	0.03726567044126403
ARBtex	0.03726567044126403
ETOHtex	0.03726567044126403
FRUtex	0.03726567044126403
4HOXPACDtex	0.03726567044126403
GAMtex	0.03726567044126403
LYXtex	0.03726567044126403
N2Otex	0.03726567044126403
DGMPtex	0.03726567044126403
F6Ptex	0.03726567044126403
PPALtex	0.03726567044126403
ADEtex	0.03726567044126403
DDGLCNtex	0.03726567044126403
GTPtex	0.03726567044126403
MG2tex	0.03726567044126403
CRNtex	0.03726567044126403
3PEPTtex	0.03726567044126403
GLCURtex	0.03726567044126403
H2Stex	0.03726567044126403
BUTtex	0.03726567044126403
GLUtex	0.03726567044126403
MMETtex	0.03726567044126403
3UMPtex	0.03726567044126403
3CMPtex	0.03726567044126403
METSOX1tex	0.03726567044126403
G3PCtex	0.03726567044126403
H2tex	0.03726567044126403
METSOX2tex	0.03726567044126403
ORNtex	0.03726567044126403
GAMAN6Ptex	0.03726567044126403
PYRtex	0.03726567044126403
GLNtex	0.03726567044126403
Htex	0.03726567044126403
OCTAtex	0.03726567044126403
26DAHtex	0.03726567044126403
GLYCtex	0.03726567044126403
MELIBtex	0.03726567044126403
CYSDtex	0.03726567044126403
MNtex	0.03726567044126403
D_LACtex	0.03726567044126403
G3PEtex	0.03726567044126403
NH4tex	0.03726567044126403
BALAtex	0.03726567044126403
DSERtex	0.03726567044126403
HG2tex	0.03726567044126403
CYNTtex	0.03726567044126403
DCMPtex	0.03726567044126403
G3PItex	0.03726567044126403
GSNtex	0.03726567044126403
ACSERtex	0.03726567044126403
CSNtex	0.03726567044126403
IMPtex	0.03726567044126403
PROtex	0.03726567044126403
GMPtex	0.03726567044126403
ACGAM1Ptex	0.03726567044126403
ETHSO3tex	0.03726567044126403
SBTtex	0.03726567044126403
ACMUMtex	0.03726567044126403
METtex	0.03726567044126403
XYLtex	0.03726567044126403
OROTtex	0.03726567044126403
PEAMNtex	0.03726567044126403
4PEPTtex	0.03726567044126403
DHAtex	0.03726567044126403
CA2tex	0.03726567044126403
HYXNtex	0.03726567044126403
CYTDtex	0.03726567044126403
HCINNMtex	0.03726567044126403
3GMPtex	0.03726567044126403
G3PGtex	0.03726567044126403
THMtex	0.03726567044126403
FE2tex	0.03726567044126403
G6Ptex	0.03726567044126403
PPTtex	0.03726567044126403
DAPtex	0.03726567044126403
COBALT2tex	0.03726567044126403
NOtex	0.03726567044126403
UDPGLCURtex	0.03726567044126403
SO2tex	0.03726567044126403
UACGAMtex	0.03726567044126403
UDPGALtex	0.03726567044126403
UREAtex	0.03726567044126403
CGLYtex	0.03726567044126403
TRPtex	0.03726567044126403
TCYNTtex	0.03726567044126403
G1Ptex	0.03726567044126403
GLCNtex	0.03726567044126403
O2Stex	0.03726567044126403
TYRtex	0.03726567044126403
ASCBtex	0.03726567044126403
FRUURtex	0.03726567044126403
SO4tex	0.03726567044126403
FUMtex	0.03726567044126403
PROGLYtex	0.03726567044126403
O2tex	0.03726567044126403
FE3tex	0.03726567044126403
INSTtex	0.03726567044126403
FRULYStex	0.03726567044126403
GLCtex_copy1	0.03726567044126403
MSO3tex	0.03726567044126403
THYMtex	0.03726567044126403
URAtex	0.03726567044126403
DTMPtex	0.03726567044126403
XYLUtex	0.03726567044126403
GAL1Ptex	0.03726567044126403
SPMDtex	0.03726567044126403
UDPACGALtex	0.03726567044126403
PACALDtex	0.03726567044126403
THMDtex	0.03726567044126403
XANtex	0.03726567044126403
G3PStex	0.03726567044126403
GDPtex	0.03726567044126403
TMAtex	0.03726567044126403
LEUtex	0.03726567044126403
GALCTNLtex	0.03726567044126403
GALTtex	0.03726567044126403
HIStex	0.03726567044126403
TMAOtex	0.03726567044126403
TYRPtex	0.03726567044126403
ASNtex	0.03726567044126403
XTSNtex	0.03726567044126403
DAMPtex	0.03726567044126403
THRtex	0.03726567044126403
ALAALAtex	0.03726567044126403
GLCRtex	0.03726567044126403
GALBDtex	0.03726567044126403
DALAtex	0.03726567044126403
INDOLEtex	0.03726567044126403
UMPtex	0.03726567044126403
MANtex	0.03726567044126403
SKMtex	0.03726567044126403
CLtex	0.03726567044126403
CHLtex	0.03726567044126403
CO2tex	0.03726567044126403
SERtex	0.03726567044126403
GLYBtex	0.03726567044126403
TREtex	0.03726567044126403
SUCCtex	0.03726567044126403
GLYCAtex	0.03726567044126403
HPPPNtex	0.03726567044126403
TUNGStex	0.03726567044126403
ABUTtex	0.03726567044126403
AKGtex	0.03726567044126403
ASO3tex	0.03726567044126403
ACGAL1Ptex	0.03726567044126403
GALCTtex	0.03726567044126403
PPPNtex	0.03726567044126403
PNTOtex	0.03726567044126403
XMPtex	0.03726567044126403
ALAtex	0.03726567044126403
TSULtex	0.03726567044126403
GLYC3Ptex	0.03726567044126403
PSCLYStex	0.03726567044126403
ACALDtex	0.03726567044126403
AGMtex	0.03726567044126403
CMPtex	0.03726567044126403
GLYALDtex	0.03726567044126403
GALCTNtex	0.03726567044126403
SO3tex	0.03726567044126403
THRPtex	0.03726567044126403
TARTRtex	0.03726567044126403
UDPGtex	0.03726567044126403
H2O2tex	0.03726567044126403
MANGLYCtex	0.03726567044126403
MNLtex	0.03726567044126403
NO2tex	0.03726567044126403
GLYC2Ptex	0.03726567044126403
NMNtex	0.03726567044126403
DUMPtex	0.03726567044126403
Ktex	0.03726567044126403
TAURtex	0.03726567044126403
SULFACtex	0.03726567044126403
TYMtex	0.03726567044126403
NO3tex	0.03726567044126403
ARGTRS	0.0011943413602923851
MTAN	0.0028431600191992086
5DOAN	0.0028431600191992086
A5PISO	0.0015536470160581112
ACOATA	0.025045778893362975
AACPS4	0.025045778893362975
AACPS1	0.025045778893362975
AACPS7	0.025045778893362975
MCOATA	0.025045778893362975
AACPS6	0.025045778893362975
AACPS8	0.025045778893362975
AACPS2	0.025045778893362975
AACPS3	0.025045778893362975
AACPS9	0.025045778893362975
AACPS5	0.025045778893362975
AADDGT	0.0011205755994737757
ECAP3pp	0.002451253182379908
ECAP2pp	0.002451253182379908
ECAP1pp	0.002451253182379908
AAMYL	0.007040064527902432
AAMYLpp	0.0001314266467765174
LYSabcpp	0.003814462412077381
ORNabcpp	0.003814462412077381
ARGabcpp	0.005082895493287734
HISabcpp	0.004128396550429362
LYSt3pp	6.32476015638569e-05
ARGt3pp	6.32476015638569e-05
AB6PGH	0.0010149326031201552
ABTA	0.0057381916603485355
APTNAT	0.0057381916603485355
ASAD	0.0017385135953261392
ABTDG	0.00018621735271393453
ABUTD	0.006361361826956671
ABUTt2pp	0.002396122025621355
ALCD2x	0.007349255957784615
ACALD	0.007349255957784615
ACANTHAT	0.0016296767623386684
ACBIPGT	0.0003854207222472469
ADOCBIK	0.0003854207222472469
ACCOAC	0.010412889861411572
ASCBPL	8.897227565045999e-05
ASCBptspp	0.02782401997926405
3NTD9pp	0.0004470287329601599
23PDE7pp	0.0004470287329601599
3NTD2pp	0.0004470287329601599
3NTD4pp	0.0004470287329601599
23PDE9pp	0.0004470287329601599
3NTD7pp	0.0004470287329601599
23PDE2pp	0.0004470287329601599
23PDE4pp	0.0004470287329601599
2AGPG161tipp	0.0005474371535030412
2AGPA140tipp	0.0005474371535030412
2AGPE181tipp	0.0005474371535030412
2AGPA160tipp	0.0005474371535030412
2AGPE141tipp	0.0005474371535030412
2AGPE120tipp	0.0005474371535030412
2AGPA141tipp	0.0005474371535030412
2AGPE140tipp	0.0005474371535030412
2AGPA120tipp	0.0005474371535030412
2AGPE180tipp	0.0005474371535030412
2AGPA181tipp	0.0005474371535030412
2AGPG140tipp	0.0005474371535030412
2AGPA180tipp	0.0005474371535030412
2AGPE160tipp	0.0005474371535030412
2AGPG141tipp	0.0005474371535030412
2AGPE161tipp	0.0005474371535030412
2AGPG180tipp	0.0005474371535030412
2AGPA161tipp	0.0005474371535030412
2AGPG181tipp	0.0005474371535030412
2AGPG160tipp	0.0005474371535030412
2AGPG120tipp	0.0005474371535030412
ASNN	0.0021015292676380853
2AGPEAT180	0.0005215968985957314
2AGPEAT141	0.0005215968985957314
2AGPEAT181	0.0005215968985957314
2AGPGAT180	0.0005215968985957314
2AGPGAT181	0.0005215968985957314
2AGPGAT120	0.0005215968985957314
2AGPGAT160	0.0005215968985957314
2AGPEAT140	0.0005215968985957314
2AGPEAT161	0.0005215968985957314
2AGPGAT161	0.0005215968985957314
2AGPGAT140	0.0005215968985957314
2AGPEAT120	0.0005215968985957314
2AGPEAT160	0.0005215968985957314
2AGPGAT141	0.0005215968985957314
ACGAMK	0.0011058826449611302
ACGAMT	0.0013553213254690012
HPYRRx	0.004357493071307187
GLYCLTDy	0.004357493071307187
2DGLCNRx	0.004357493071307187
2DGLCNRy	0.004357493071307187
2DGULRx	0.004357493071307187
HPYRRy	0.004357493071307187
DKGLCNR2x	0.004357493071307187
GLYCLTDx	0.004357493071307187
2DGULRy	0.004357493071307187
DKGLCNR2y	0.004357493071307187
TREptspp	0.048377679322344304
FRUptspp	0.02782401997926405
MALTptspp	0.048377679322344304
ACMUMptspp	0.048377679322344304
DHAPT	0.02782401997926405
GLCptspp	0.048377679322344304
MANptspp	0.02782401997926405
GAMptspp	0.02782401997926405
MNLptspp	0.02782401997926405
GALTptspp	0.02782401997926405
ACGAptspp	0.048377679322344304
FRUpts2pp	0.02782401997926405
ACMANAptspp	0.02782401997926405
SBTptspp	0.02782401997926405
2INSD	0.05941663144174669
ASNNpp	0.00013001073611244084
GLUNpp	0.00013001073611244084
2MAHMP	0.0009563749282910752
TDP	0.0009563749282910752
ASNS1	0.0014893518942983846
3HAD100	0.007245844567189516
3HAD60	0.007245844567189516
3HAD160	0.007245844567189516
3HAD180	0.007245844567189516
3HAD121	0.007245844567189516
3HAD80	0.007245844567189516
3HAD181	0.007245844567189516
3HAD140	0.007245844567189516
3HAD161	0.007245844567189516
3HAD40	0.007245844567189516
3HAD120	0.007245844567189516
3HAD141	0.007245844567189516
ASNS2	0.0002286488652458852
ACGK	0.0009028284628868671
T2DECAI	0.004840131187857333
ACGS	0.0012673257371949112
3HPPPNH	6.838448883615501e-05
3HCINNMH	6.838448883615501e-05
ASNTRS	0.0037507499155452193
ACLS	0.004216252121306537
ACHBS	0.004216252121306537
ilvg	0.004216252121306537
ASNt2rpp	0.000767731236450097
3OADPCOAT	0.00016091419577248406
HXCT	0.00018082854666228416
BUTCT	0.00018082854666228416
ASO3t8pp	5.550087447089469e-05
TRE6PP	0.00801769315396618
PPAKr	0.00801769315396618
ACKr	0.0036468568793303615
3OAR80	0.015562170481591324
3OAR140	0.015562170481591324
3OAR141	0.015562170481591324
3OAR40	0.015562170481591324
3OAR60	0.015562170481591324
3OAR100	0.015562170481591324
3OAR120	0.015562170481591324
3OAR181	0.015562170481591324
3OAR160	0.015562170481591324
3OAR121	0.015562170481591324
3OAR161	0.015562170481591324
3OAR180	0.015562170481591324
GART	9.734708002182147e-05
3OAS120	0.007624743277692298
3OAS80	0.007624743277692298
3OAS60	0.007624743277692298
3OAS181	0.007624743277692298
3OAS180	0.007624743277692298
PYK	0.01388915458703763
3OAS100	0.007624743277692298
3OAS140	0.007624743277692298
3OAS160	0.007624743277692298
KAS14	0.007624743277692298
ASP1DC	0.0022239555420170147
ASPCT	0.0005307207539836219
ACLDC	7.660457809958261e-05
MACPD	0.004109988502732824
3OAS161	0.004109988502732824
3OAS121	0.004109988502732824
3OAS141	0.004109988502732824
HSDy	0.001438888752043903
ASPK	0.001438888752043903
ACACT1r	0.0050461231262612085
3OXCOAT	0.0050461231262612085
ACMAMUT	0.0009825902368842548
ACOAD3f	0.001747342582089865
ACOAD7f	0.001747342582089865
ACOAD6f	0.001747342582089865
ACOAD2f	0.001747342582089865
ACOAD8f	0.001747342582089865
ACOAD1f	0.001747342582089865
ACOAD4f	0.001747342582089865
ACOAD5f	0.001747342582089865
ASPO5	0.0001707025539494132
ASPO3	0.0001707025539494132
ASPO6	0.0001707025539494132
ASPO4	0.0001707025539494132
KAS15	0.0037933969208438626
NACODA	0.00038993872771209755
ACODA	0.00038993872771209755
ASPT	0.028985246263836927
ASPTA	0.008449881546096103
TYRTA	0.008449881546096103
PHETA1	0.008449881546096103
ACONMT	0.00031935499057009827
ACONTa	0.026820897909168015
ACONTb	0.026820897909168015
ASPTRS	0.0047931421510501015
SDPTA	0.018646580356488102
SOTA	0.018646580356488102
ACOTA	0.018646580356488102
ASPabcpp	0.056270652124079515
GLUabcpp	0.056270652124079515
ACPS1	0.0007987694389524062
FUMt2_2pp	0.006892709550974086
MALt2_2pp	0.006892709550974086
MALDt2_2pp	0.006892709550974086
SUCCt2_2pp	0.006892709550974086
OROTt2_2pp	0.006892709550974086
ASPt2_2pp	0.006892709550974086
ACS	0.019079388543678102
SUCCt2_3pp	0.0018949266075084762
SUCFUMtpp	0.0018949266075084762
ASPt2_3pp	0.0018949266075084762
MALt2_3pp	0.0018949266075084762
FUMt2_3pp	0.0018949266075084762
ACSERtpp	0.00024488207338954274
CYStpp	0.00024488207338954274
ASPt2pp	0.0009113758751779122
GLUt2rpp	0.0009113758751779122
ACTD	0.00014861245176016826
ACTDa	0.00014861245176016826
AST	0.024644891843857604
GLYCLTt4pp	0.005692498531980674
ACt4pp	0.005692498531980674
DADA	0.0013205274501123135
ADA	0.0013205274501123135
DSERDHr	0.0020002013238358714
ATHRDHr	0.0020002013238358714
LSERDHr	0.0020002013238358714
ADCL	0.00038916982183155585
ADCPS1	0.0008661317508550692
ADCS	0.0009935683373481102
ATPPRT	0.00015035217831107662
GLUN	0.0007435209270456294
ATPS4rpp	0.03949996939965645
DHBD	0.00011213109465420083
ADCYRS	0.0006301648330094948
DHBS	8.418219044753012e-05
ADD	0.00017375471391075314
DHCINDO	6.339280005818465e-05
HPPPNDO	6.339280005818465e-05
XANt2pp	0.0001176594856020248
GUAt2pp	0.0001176594856020248
ADEt2rpp	0.0001176594856020248
DHDPRy	0.0018822879794438158
NDPK3	0.015097553449554301
ADK3	0.0056478349465970655
NDPK4	0.015097553449554301
NDPK5	0.015097553449554301
NDPK7	0.015097553449554301
ADK4	0.0056478349465970655
NDPK8	0.015097553449554301
DADK	0.0056478349465970655
ADNK1	0.0056478349465970655
NDPK1	0.015097553449554301
NDPK6	0.015097553449554301
ADK1	0.0056478349465970655
NDPK2	0.015097553449554301
DHDPS	0.006401927516082057
ADMDC	0.0011027579824052886
ADNCYC	0.005116464881334456
BETALDHx	0.0011110243347405846
BETALDHy	0.0011110243347405846
INSH	0.0015051043547862418
URIH	0.0022908019254568868
CYTDH	0.0022908019254568868
ADNUC	0.0015051043547862418
XTSNH	0.0015051043547862418
BGLK	0.0013332569285275412
DHEDAA	0.00019988702675229089
DHFR	0.001987272849900928
DADNt2pp	0.004080417523459022
ADNt2pp	0.004080417523459022
CYTDt2pp	0.004080417523459022
THMDt2pp	0.004080417523459022
DCYTt2pp	0.004080417523459022
DURIt2pp	0.004080417523459022
URIt2pp	0.004080417523459022
INSt2pp	0.004080417523459022
GSNt2pp	0.004080417523459022
DGSNt2pp	0.004080417523459022
DINSt2pp	0.004080417523459022
DHFS	0.001320218609640559
BSORy	0.0006739851814106467
BSORx	0.0006739851814106467
URItex	0.0014504124915854886
INStex	0.0014504124915854886
DADNtex	0.0014504124915854886
DCYTtex	0.0014504124915854886
ADNtex	0.0014504124915854886
GUAtex	0.0014504124915854886
DURItex	0.0014504124915854886
BTS4	0.0003292628076541517
DHNAOT4	0.0018483022831735252
ADOCBLS	0.00029008350844127455
CBL1abcpp	0.0010305657787151286
ADOCBLabcpp	0.0010305657787151286
CBIuabcpp	0.0010305657787151286
DHNPA2r	0.0005908966612244419
TAURabcpp	0.00010069934363339609
ISETACabcpp	0.0002484432160151518
BUTSO3abcpp	0.0002484432160151518
ETHSO3abcpp	0.0002484432160151518
MSO3abcpp	0.0002484432160151518
SULFACabcpp	0.0002484432160151518
DHORD5	0.0005707034135573702
DHORD2	0.0005707034135573702
DHORTS	0.0005110559836903609
DHPACCOAHIT	0.0004484829128920137
CBItonex	0.00041989823791356297
CBL1tonex	0.00041989823791356297
ADOCBLtonex	0.00041989823791356297
FEENTERtonex	0.00041989823791356297
FE3HOXtonex	0.00041989823791356297
FEOXAMtonex	0.00041989823791356297
FECRMtonex	0.00041989823791356297
FE3DHBZStonex	0.00041989823791356297
DHPDO	0.000714767460849697
BZ12DOX	8.137171450627259e-05
ADPRDP	0.0013788740764918346
DHPS2	0.0007903611287153705
ADPT	0.001180999815099441
BZDIOLDH	8.558453272613816e-05
ADSK	0.00020000733191434457
DHPTPE	0.003520525750449981
ADSL1r	0.0015544377269148635
ADSL2r	0.0015544377269148635
DHQS	0.004263038467216278
Kt3pp	0.0028202448642785007
NAt3pp	0.0006160443814604227
CA2t3pp	0.0006160443814604227
ADSS	0.008523915242989722
AGDC	0.0030818048795106787
CADVtpp	0.002176115727602346
AM4PA	0.0010881249951169769
AM3PA	0.0010881249951169769
AGM3PA	0.0010881249951169769
AGM4PA	0.0010881249951169769
DHQTi	0.0019102575266556605
DKDID	0.045088171370977884
AGM4PApp	0.002086112187461599
AGM3PApp	0.002086112187461599
CAT	0.026441489882490104
GRTT	0.001410878386968042
DMATT	0.001410878386968042
AGMH	0.004478977247748296
AGM4PH	0.004478977247748296
AGM3PH	0.004478977247748296
IPDPS	0.0013632802593500398
DMPPS	0.0013632802593500398
CATDOX	0.00012122127223598206
AGM3Pt2pp	0.00048486330268470953
AGMt2pp	0.00048486330268470953
AGM4Pt2pp	0.00048486330268470953
CAt6pp	0.0009452616454818068
OHPHM	0.0009325115504760324
DMQMT	0.0009325115504760324
AGMHE	0.0062991891164668025
DMSOR2	0.0003461676714431889
TMAOR2	0.0003461676714431889
TMAOR1	0.0003461676714431889
DMSOR1	0.0003461676714431889
CBLAT	0.001180063563607518
CYRDAAT	0.001180063563607518
CBIAT	0.001180063563607518
PHEt2rpp	0.005044701341189747
TYRt2rpp	0.005044701341189747
AGMPTRCtpp	0.00020643894023472743
CBPS	0.0007079552547106148
AGMT	0.004506640775496951
DNAMTn2r	0.0013631629418490135
AGPAT141	0.002812121186926718
AGPAT160	0.002812121186926718
AGPAT180	0.002812121186926718
AGPAT140	0.002812121186926718
AGPAT120	0.002812121186926718
AGPAT181	0.002812121186926718
AGPAT161	0.002812121186926718
AGPR	0.0006510089394608995
ZN2abcpp	0.0009075610850491557
CD2abcpp	0.0009075610850491557
NI2abcpp	0.0009075610850491557
CU2abcpp	0.0009075610850491557
HG2abcpp	0.0009075610850491557
COBALT2abcpp	0.0009075610850491557
CUt3	0.00012187875357340405
AGt3	0.00012187875357340405
NTPP5	0.002275542876828716
DNTPPA	0.002275542876828716
CD2t3pp	0.0023771792066690574
ZN2t3pp	0.0023771792066690574
COBALT2t3pp	0.0023771792066690574
MN2t3pp	0.0023771792066690574
NI2t3pp	0.0023771792066690574
NTPP1	0.0008988814362489833
NTPP2	0.0008988814362489833
HG2t3pp	0.0013204470763461317
FE2t3pp	0.0013204470763461317
AHCi	0.000462935889328229
CD2tpp	0.0004407492248145908
CU2tpp	0.0004407492248145908
COBALT2tpp	0.0014893518942983846
GMHEPK	0.0004407492248145908
MN2tpp	0.0004407492248145908
ZN2tpp	0.0004407492248145908
GMHEPAT	0.0004407492248145908
FE2tpp	0.0004407492248145908
DPCOAK	0.0011253745875713789
NTPTP1	0.0016864618227017537
AHCYSNS	0.0016864618227017537
NTPTP2	0.0016864618227017537
IMPC	0.00042000030212714895
AICART	0.00042000030212714895
DPR	0.0026297549387410946
KARA1	0.0026297549387410946
KARA2	0.0026297549387410946
CDAPPA120	0.0004389838343049034
CDAPPA180	0.0004389838343049034
CDAPPA160	0.0004389838343049034
CDAPPA181	0.0004389838343049034
CDAPPA141	0.0004389838343049034
CDAPPA161	0.0004389838343049034
CDAPPA140	0.0004389838343049034
AIRC2	0.0006335962602239361
CDPMEK	0.0031321711578721338
AIRC3	0.00048528837804722857
AKGDH	0.04784621361510208
CFAS180E	0.012243668050392306
CFAS160G	0.012243668050392306
CFAS160E	0.012243668050392306
CFAS180G	0.012243668050392306
GLYCL	0.04494958623371229
PDH	0.025370799522233787
CHLabcpp	0.00578870893583726
GLYBabcpp	0.00578870893583726
AKGt2rpp	0.001652864286225722
PROGLYabcpp	0.02525177957543232
CGLYabcpp	0.02525177957543232
ALAALAabcpp	0.02525177957543232
CHLt2pp	0.0004297892180942551
ALAALAr	0.00490670755850008
GLYt2pp	0.004447274140299849
GLYBt2pp	0.0004297892180942551
PPND	0.0011585023616916656
CHORM	0.0011585023616916656
ALAGLUE	0.0009815018186266173
PPNDH	0.0010251538593935244
ALAR	0.016919298102633335
CHORS	0.0014408483990594044
THRA	0.01673439335751082
ALATA_L2	0.01673439335751082
ALATA_D2	0.01673439335751082
THRA2	0.01673439335751082
GHMT2r	0.01673439335751082
CHRPL	0.0010896784998995978
DRPA	0.0024285813351802403
ALATRS	0.007657869765030568
CITACt	0.022520104668007204
THRabcpp	0.00140057308165758
ALAabcpp	0.00140057308165758
ILEabcpp	0.00140057308165758
VALabcpp	0.00140057308165758
LEUabcpp	0.00140057308165758
CITL	0.004124062291926268
DSBAO1	0.005898446995844693
DSBAO2	0.005898446995844693
TDSR1	0.0013517134169646428
DSBCGT	0.0013517134169646428
CITt4_1	6.984039806306303e-05
RNDR4	0.013505367810123084
RNDR2	0.013505367810123084
TRDR	0.013505367810123084
METSOXR2	0.013505367810123084
RNDR3	0.013505367810123084
THIORDXi	0.013505367810123084
METSOXR1	0.013505367810123084
RNDR1	0.013505367810123084
PAPSR	0.013505367810123084
DSBDR	0.013505367810123084
CLPNS141pp	0.00394601453341793
CLPNS160pp	0.00394601453341793
CLPNS161pp	0.00394601453341793
CLPNS120pp	0.00394601453341793
CLPNS181pp	0.00394601453341793
CLPNS140pp	0.00394601453341793
CLPNS180pp	0.00394601453341793
TDSR2	0.0002989091210846766
BALAt2pp	0.004447274140299849
DSERt2pp	0.004447274140299849
DALAt2pp	0.004447274140299849
ALAt2pp	0.004447274140299849
DSBGGT	0.00018072160077902904
CLt3_2pp	0.0004238294903263972
GLYt4pp	0.00030390701921770085
ALAt4pp	0.00030390701921770085
DTMPK	0.0008258246657921256
TMDK1	0.0013885963580271361
DURIK1	0.0013885963580271361
ALCD19	0.002101653450397745
FALDH2	0.002101653450397745
PUNP4	0.031886467602693355
PUNP5	0.031886467602693355
PUNP3	0.031886467602693355
PUNP6	0.031886467602693355
PUNP1	0.031886467602693355
DURIPP	0.031886467602693355
PUNP2	0.031886467602693355
CMCMSAD	0.00044458071471905117
TMDPP	0.0033204301111062423
CMHMI	0.000442472913186254
ALCD3ir	6.978153380860584e-05
DUTPDP	0.0008718750986509233
ALDD19xr	0.00441459383118652
NTPP7	0.0008988814362489833
NTPP3	0.0008988814362489833
MG2tpp	0.0014893518942983846
NI2tpp	0.0014893518942983846
ALDD2x	0.003065512778680399
GGGABADr	0.003065512778680399
PA140abcpp	0.001567042007590166
PE181abcpp	0.001567042007590166
LIPACabcpp	0.001567042007590166
PE180abcpp	0.001567042007590166
PE120abcpp	0.001567042007590166
PG141abcpp	0.001567042007590166
PA120abcpp	0.001567042007590166
PG180abcpp	0.001567042007590166
PE161abcpp	0.001567042007590166
PGP180abcpp	0.001567042007590166
PG160abcpp	0.001567042007590166
PGP161abcpp	0.001567042007590166
PGP160abcpp	0.001567042007590166
COLIPAabcpp	0.001567042007590166
PA180abcpp	0.001567042007590166
PE140abcpp	0.001567042007590166
PA181abcpp	0.001567042007590166
PG181abcpp	0.001567042007590166
LIPAabcpp	0.001567042007590166
PA161abcpp	0.001567042007590166
PE160abcpp	0.001567042007590166
PGP140abcpp	0.001567042007590166
PGP120abcpp	0.001567042007590166
PA141abcpp	0.001567042007590166
PG120abcpp	0.001567042007590166
PG161abcpp	0.001567042007590166
K2L4Aabcpp	0.001567042007590166
PA160abcpp	0.001567042007590166
PGP141abcpp	0.001567042007590166
PE141abcpp	0.001567042007590166
PG140abcpp	0.001567042007590166
PGP181abcpp	0.001567042007590166
DXPRIi	0.002772331055177406
ALDD3y	0.027077947264668965
ALDD2y	0.027077947264668965
DXPS	0.003220266197400144
XYLK	0.0009276711201813535
DXYLK	0.0009276711201813535
CPC2MT	0.00040939897408559853
CPC3MT	0.00036854243573241545
E4PD	0.003911467002608951
ALLTAMH	0.00039814792873082196
EAR161x	0.006069819466999923
EAR180y	0.006069819466999923
EAR40y	0.006069819466999923
EAR140x	0.006069819466999923
EAR40x	0.006069819466999923
EAR121y	0.006069819466999923
EAR161y	0.006069819466999923
EAR60y	0.006069819466999923
EAR140y	0.006069819466999923
EAR160x	0.006069819466999923
EAR180x	0.006069819466999923
EAR100y	0.006069819466999923
EAR181y	0.006069819466999923
EAR80y	0.006069819466999923
EAR181x	0.006069819466999923
EAR141x	0.006069819466999923
EAR80x	0.006069819466999923
EAR120y	0.006069819466999923
EAR160y	0.006069819466999923
EAR120x	0.006069819466999923
EAR121x	0.006069819466999923
EAR141y	0.006069819466999923
EAR100x	0.006069819466999923
EAR60x	0.006069819466999923
CPC4MT	0.00039877430828193363
CPC5MT	0.0006859198814494049
ALLTN	0.0002506587063888584
CPC6MT	0.00048178608247661706
ALLULPE	0.00010703588721626112
ECAtpp	0.0010323639837228665
CPC6R	0.00046126881769436483
CPC8MM	0.0009703751948765014
ALPATE160pp	1.0
ALPATG160pp	1.0
CPPPGO	0.00030118437421874775
CTECOAI8	0.0037737931350891457
HACD5i	0.0037737931350891457
CTECOAI6	0.0037737931350891457
HACD4i	0.0037737931350891457
CTECOAI7	0.0037737931350891457
ECOAH7	0.0037737931350891457
ECOAH1	0.0037737931350891457
HACD3i	0.0037737931350891457
ECOAH6	0.0037737931350891457
HACD2i	0.0037737931350891457
ECOAH5	0.0037737931350891457
HACD6i	0.0037737931350891457
ECOAH3	0.0037737931350891457
ECOAH4	0.0037737931350891457
HACD8i	0.0037737931350891457
ECOAH8	0.0037737931350891457
ECOAH2	0.0037737931350891457
HACD1i	0.0037737931350891457
HACD7i	0.0037737931350891457
CPPPGO2	0.0035518157927922575
ALR2	0.02773179920730963
DKGLCNR1	0.02773179920730963
EDA	0.0009995132758994238
EDD	0.0004089216570099413
CRNabcpp	0.00042245451082395714
PROabcpp	0.00042245451082395714
CRNDabcpp	0.00042245451082395714
CTBTabcpp	0.00042245451082395714
EDTXS1	0.0004954448722287322
EDTXS2	0.0009679124050304037
EDTXS4	0.0009679124050304037
ALR4x	0.0021602965839487417
LALDO2x	0.0021602965839487417
GLYCDx	0.0021602965839487417
EDTXS3	0.00010628586346451465
PROt2rpp	0.027043159732134604
CTBTt2rpp	0.027043159732134604
CRNt2rpp	0.027043159732134604
CRNDt2rpp	0.027043159732134604
ALTRH	0.002032235788485156
ENO	0.05722962680505936
AMALT4	0.0024952433336628455
AMALT3	0.0024952433336628455
AMALT2	0.0024952433336628455
AMALT1	0.0024952433336628455
CS	0.018825250847998434
AMANAPEr	0.0010932826309952787
AMAOTr	9.310108733947725e-05
ENTERES2	5.644071131410539e-05
ENTERES	5.644071131410539e-05
CSND	0.0008798508478771621
OMBZLM	0.004152279199323962
AMMQLT8	0.004152279199323962
ETHAAL	0.00016546862085248422
AMPMS2	0.00033183494929130565
ETHAt	0.00036631645881524203
CSNt2pp	6.719486229445345e-05
AMPN	0.003090191631464384
CTPS2	0.009075438916613854
CU1Opp	0.0011395239492887966
FEROpp	0.0011395239492887966
F6PA	0.00042093850778280527
AMPTASEPG	0.009054937442547074
AMPTASECG	0.009054937442547074
G3PT	0.0004282509930401261
G6PP	0.0004282509930401261
F6PP	0.0004282509930401261
R5PP	0.0004282509930401261
MN6PP	0.0004282509930401261
CU1abcpp	0.0005715139084335525
CYANST	0.00047405374160643565
F6Pt6_2pp	5.845041855083001e-05
MAN6Pt6_2pp	5.845041855083001e-05
GAM6Pt6_2pp	5.845041855083001e-05
G6Pt6_2pp	5.845041855083001e-05
FA100ACPHi	0.0002062756029351653
FA80ACPHi	0.0002062756029351653
FA160ACPHi	0.0002062756029351653
FA141ACPHi	0.0002062756029351653
FA161ACPHi	0.0002062756029351653
FA140ACPHi	0.0002062756029351653
FA120ACPHi	0.0002062756029351653
THZPSN	0.0029489278555556563
CYANSTpp	0.00047425591749157347
FACOAE80	0.0016360044174671402
FACOAE161	0.0016360044174671402
FACOAE181	0.0016360044174671402
FACOAE120	0.0016360044174671402
FACOAE180	0.0016360044174671402
FACOAE141	0.0016360044174671402
FACOAE100	0.0016360044174671402
FACOAE60	0.0016360044174671402
FACOAE140	0.0016360044174671402
FACOAE160	0.0016360044174671402
LALGP	0.008763947937467006
CYNTt2pp	0.00011280614028572458
ANHMK	0.0010003993395335943
CYSTS	0.00025310337022473473
CYS	0.00025310337022473473
FACOAL120t2pp	0.0007700107752234627
FACOAL140t2pp	0.0007700107752234627
FACOAL160t2pp	0.0007700107752234627
FACOAL100t2pp	0.0007700107752234627
FACOAL80t2pp	0.0007700107752234627
FACOAL161t2pp	0.0007700107752234627
FACOAL181t2pp	0.0007700107752234627
FACOAL60t2pp	0.0007700107752234627
FACOAL141t2pp	0.0007700107752234627
FACOAL180t2pp	0.0007700107752234627
ANPRT	0.00019077391072671996
ANS	0.00019077391072671996
FADRx	0.012423976808493994
FE3Ri	0.012423976808493994
FMNRx	0.012423976808493994
FLVRx	0.012423976808493994
FLVR	0.012423976808493994
FMNRx2	0.012423976808493994
FADRx2	0.0005687634067762455
SULR	0.0005687634067762455
CYSDDS	0.0018998386416782874
AOXSr	0.0001819755828194762
CYSTL	0.0004316117817189957
CYSDS	0.0004316117817189957
GP4GH	0.0020523720561104477
AP5AH	0.0020523720561104477
AP4AH	0.0020523720561104477
DHPPDA2	0.0007506362126454881
APRAUR	0.0007506362126454881
CYSS	0.005469780759382936
FBA	0.08220919028140518
ARAI	0.00020928511713128942
ARAT	0.0017696327107950996
LEUTAi	0.0017696327107950996
TRPTA	0.0017696327107950996
FBP	0.01112261794567313
CPGNabcpp	0.00019958371578018415
FEOXAMabcpp	0.00019958371578018415
FECRMabcpp	0.00019958371578018415
FE3HOXabcpp	0.00019958371578018415
ARBTNabcpp	0.00019958371578018415
CYSSADS	0.00040176597180963076
CYSTGL	0.00036446244670929344
ARBt2rpp	0.00010851499118313076
CYSTRS	0.0056342498316573715
MELIBt3ipp	0.00014900546227618672
ARBt3ipp	0.00014900546227618672
LCTSt3ipp	0.0003548484511533486
FCI	0.00022817052648931046
FCLK	0.0001505002316595212
ARD1	0.00045871294820045707
FCLPA	0.00016770985164965785
CYSabc2pp	0.000591380563980881
GTHRDabc2pp	0.000591380563980881
GF6PTA	0.009267487270643552
CYTBDpp	0.02182162436955907
GGGABAH	0.0028873727782401035
FDH5pp_1	0.031230965469854752
FDH4pp_1	0.031230965469854752
GGPTRCO	0.004983227172764237
GGPTRCS	0.004466594117171687
GLNS	0.004466594117171687
CYTBO3_4pp	0.06181084769432008
GLA	0.002194707319752629
GLBRAN2	0.010181070064979321
GLCATr	0.001741016203521057
MALTATr	0.001741016203521057
FDMO2	0.00014107323432199217
FDMO6	0.00014107323432199217
FDMO3	0.00014107323432199217
FDMO	0.00014107323432199217
FDMO4	0.00014107323432199217
DCYTD	0.0007492071256224657
CYTD	0.0007492071256224657
GLCDpp	0.030534907890642622
FE2abcpp	0.000384593658677208
MNt2pp	0.0013244543492507584
FE2t2pp	0.0013244543492507584
FEENTERabcpp	7.685996040708386e-05
FE3DHBZSabcpp	7.685996040708386e-05
GLCNt2rpp	0.0005155177590153056
CYTDK2	0.0007503078787889526
URIK2	0.0007503078787889526
CYTK2	0.002918633307714273
UMPK	0.002918633307714273
CYTK1	0.002918633307714273
GLCOAS	0.08507500835421285
SUCOAS	0.08507500835421285
GLCP2	0.011122760681871846
MLTP2	0.002937442687716863
MLTP1	0.002937442687716863
GLCP	0.011122760681871846
MLTP3	0.002937442687716863
D_LACt2pp	0.000217805085797737
GLYCLTt2rpp	0.000217805085797737
L_LACt2rpp	0.000217805085797737
D5KGK	0.03729842058553625
GLCRAL	0.0035064943006218843
DAAD	0.010737132634277637
GLCRD	0.0028498941812424984
DAGK161	0.0014538419131542863
DAGK120	0.0014538419131542863
DAGK181	0.0014538419131542863
DAGK160	0.0014538419131542863
DAGK141	0.0014538419131542863
DAGK140	0.0014538419131542863
DAGK180	0.0014538419131542863
DAPAL	7.746117292265971e-05
GLCS1	0.007844304294695818
DAPDC	0.00032438243760359736
DAPE	0.0017226138726095176
DASYN161	0.0025556798935923975
DASYN181	0.0025556798935923975
DASYN120	0.0025556798935923975
DASYN180	0.0025556798935923975
DASYN160	0.0025556798935923975
DASYN141	0.0025556798935923975
DASYN140	0.0025556798935923975
GLDBRAN2	0.005928593659506536
FEENTERtpp	6.361585861468816e-05
DB4PS	0.024192519882429004
GLGC	0.018385785101410524
DBTS	0.00029611043994621643
DCTPD	0.0019972690926341316
FFSD	0.00019334327605869753
GLNTRS	0.002797627735931093
FFSD1r	0.0010264321850080378
HDCEAtexi	0.0047721478504471095
OCDCEAtexi	0.0047721478504471095
DDCAtexi	0.0047721478504471095
TTDCAtexi	0.0047721478504471095
OCDCAtexi	0.0047721478504471095
TTDCEAtexi	0.0047721478504471095
HDCAtexi	0.0047721478504471095
GLNabcpp	0.014689887902848166
DDGALK	0.000323779787281952
FGLU	0.008442390987794608
DDGLCNt2rpp	6.701422132847687e-05
GLTPD	0.00015945412116757403
DDGLK	0.0009446539841796994
DDPA	0.0008675417740539926
FHL	0.0007665709582757073
HYD1pp	0.00011744180520845421
GLU5K	0.0014576621309626962
GLUCYS	0.00633475245201262
GLUDy	0.02398849349330727
GLUDxi	0.02398849349330727
DDPGALA	0.0001186062896439628
GLUPRT	0.0011881858492777072
GK1	0.004826253844990025
DGK1	0.004826253844990025
GLUR	0.0019303083095745497
DHAD2	0.002109328539805376
DHAD1	0.002109328539805376
GLUSy	0.0009260720031267818
DHAK	0.0017610245560394215
RNTR2c	0.002513176874373195
RNTR3c	0.002513176874373195
RNTR1c	0.002513176874373195
RNTR4c	0.002513176874373195
FLDR	0.002513176874373195
GLUTRR	0.002701578748693138
GLUTRS	0.006341407940464263
FMETTRS	0.006251419039361241
GLUt4pp	0.005545021225763736
UREAtpp	0.0003552806295920724
GLYALDtpp	0.0003552806295920724
GLYCtpp	0.0003552806295920724
FMNAT	0.0018912386585311419
RBFK	0.0018912386585311419
GLYAT	0.01151471356627995
GLYC3Pt6pp	0.0007102621171286952
FORAMD	9.655289568122524e-05
GLYCDH	0.00010903996843502901
PPDD	8.313348230874498e-05
FORt2pp	0.0034999518314434586
FORtppi	0.0034999518314434586
LYSTRS	0.006655959410696387
LYSt2pp	0.0027029562284424285
FRD3	0.0021488787740877183
FRD2	0.0021488787740877183
RMI	8.263160055661209e-05
LYXI	8.263160055661209e-05
LYXt2pp	0.0003665293783464499
RMNtpp	0.0003665293783464499
GLYCK2	0.0036650977067721607
M1PD	0.002153520197497783
FRUK	0.00044556265941608374
FTHFD	0.0010947020515454165
FUCtpp	0.00010136220632489238
MACPT	0.00016217985826967506
MALDDH	0.0013872773744670983
FUM	0.00719049913699425
GLYK	0.001359446660302246
MALS	0.000704714972178797
MAN6PI	0.002058823564426377
MANAO	0.0009553792848065857
UAGDP	0.0056827569923670026
G1PACT	0.0056827569923670026
GLYOX	0.0006315787081117415
GAL1PPpp	0.004750657563009648
G1PPpp	0.004750657563009648
GLYTRS	0.006493501808384765
MCPST	0.009919524471349054
G1PTT	0.005361823673597976
MCTP1App	0.013360598434605235
MPTG	0.0018247218618300043
MCTP1Bpp	0.0018247218618300043
MCTP2App	0.013360598434605235
MPTG2	0.0018247218618300043
GMHEPPA	0.0013424181427089778
GMPR	0.0038513135961244244
G1SAT	0.001936558110226385
GMPS2	0.002745530304070127
NTD9pp	0.0048932465283813625
NTD6pp	0.0048932465283813625
NTD2pp	0.0048932465283813625
NTD5pp	0.0048932465283813625
R5PPpp	0.0007473887424846282
NTD12pp	0.0048932465283813625
NTD10pp	0.0048932465283813625
G2PPpp	0.0007473887424846282
TYRPpp	0.0007473887424846282
NTD11pp	0.0048932465283813625
NTD3pp	0.0048932465283813625
PTHRpp	0.0007473887424846282
NTD1pp	0.0048932465283813625
PSP_Lpp	0.0007473887424846282
NTD7pp	0.0048932465283813625
NTD8pp	0.0048932465283813625
NTD4pp	0.0048932465283813625
G3PAT120	0.0016480604149741996
G3PAT161	0.0016480604149741996
G3PAT180	0.0016480604149741996
G3PAT160	0.0016480604149741996
G3PAT140	0.0016480604149741996
G3PAT181	0.0016480604149741996
G3PAT141	0.0016480604149741996
GND	0.0016227119377695328
GNK	0.00025000916489293073
GPDDA5	0.00487000848539485
GPDDA4	0.00487000848539485
GPDDA3	0.00487000848539485
GPDDA1	0.00487000848539485
GPDDA2	0.00487000848539485
G3PCabcpp	0.004163615045327591
G3PGabcpp	0.004163615045327591
G3PIabcpp	0.004163615045327591
G3PSabcpp	0.004163615045327591
GLYC3Pabcpp	0.004163615045327591
G3PEabcpp	0.004163615045327591
GPDDA3pp	0.0005052061950338358
GPDDA1pp	0.0005052061950338358
GPDDA5pp	0.0005052061950338358
GPDDA2pp	0.0005052061950338358
GPDDA4pp	0.0005052061950338358
MDDCP2pp	0.005678013632201743
MDDCP1pp	0.005678013632201743
MDDCP3pp	0.005678013632201743
MDDCP4pp	0.005678013632201743
MDDCP5pp	0.005678013632201743
GRXR	0.012072252071176588
RNDR1b	0.012072252071176588
RNDR2b	0.012072252071176588
RNDR3b	0.012072252071176588
PAPSR2	0.012072252071176588
RNDR4b	0.012072252071176588
MDDEP3pp	0.0007708209842039963
MDDEP4pp	0.0007708209842039963
MDDEP1pp	0.0007708209842039963
MDDEP2pp	0.0007708209842039963
G3PD2	0.003940803286394188
G3PD6	8.9122859961425e-05
G3PD7	8.9122859961425e-05
G3PD5	0.00027611350155332185
INSK	0.0009730563601769327
GSNK	0.0009730563601769327
G5SD	0.002356105509408579
G6PDA	0.01310358147767094
GSPMDS	0.0014172352330748535
GSPMDA	0.0014172352330748535
G6PDH2r	0.0022257401282741187
GALCTD	0.002848348690224437
MDH	0.022378532817418827
GTHOr	0.003768862221620203
MDH2	0.004199346601154977
MDH3	0.004199346601154977
GTHRDHpp	0.012508297973572884
GALCTND	0.00024209764771668447
GTHRDabcpp	0.003758021030873698
ME1	0.0029060853305247648
ME2	0.008119792394041765
GALCTNLt2pp	0.00070122196723689
GALCTNt2pp	8.061282059399683e-05
MECDPDH2	0.006525201769178129
GTHS	0.0024950315265256703
GLCRt2rpp	0.002239145146156016
GALCTt2rpp	0.002239145146156016
GLYCAt2rpp	0.002239145146156016
GTPCI	0.002497454780965952
MECDPS	0.001815566555452463
GTPCII2	0.0015193392783749975
MELIBt2pp	0.0013970003641000238
MEPCT	0.0009344477573085041
GALKr	0.0008139465045030849
GTPDPDP	0.004495396793279915
GALM2pp	0.0005866881736154108
METAT	0.01084411700663152
GUAD	5.539791179613791e-05
XPPT	0.0012309993746215688
HXPRT	0.001814186723449502
GUAPRT	0.001814186723449502
METDabcpp	0.003167233752235361
METabcpp	0.003167233752235361
MLTG1	0.00024283123678818752
MLTG3	0.00024283123678818752
MLTG2	0.00024283123678818752
MLTG4	0.00024283123678818752
GALS3	0.004548601333464516
MLTG5	0.00024283123678818752
GUAtpp	8.313348230874498e-05
METS	0.0013061065114719154
GUI2	0.002892542866330572
GUI1	0.002892542866330572
H2Otpp	0.000925689106535977
HADPCOADH	0.000347397998152865
HBZOPT	0.0015074877877823598
METTRS	0.0024125014173776746
HCINNMt2rpp	8.040394997258364e-05
HPPPNt2rpp	8.040394997258364e-05
MG2uabcpp	0.00011421902649123944
NI2uabcpp	0.0001403480020518944
MGSA	0.0020118205852204404
MI1PP	0.0006087984368747976
GALURt2rpp	0.002963610944872736
GLCURt2rpp	0.002963610944872736
GALUi	0.06439507821742302
HCO3E	0.005696586185244901
GALabcpp	0.007200124002095241
GLCabcpp	0.007200124002095241
MLTGY3pp	0.006158880207884714
MLTGY2pp	0.006158880207884714
MLTGY1pp	0.006158880207884714
MLTGY4pp	0.006158880207884714
HCYSMT	0.0003753706736069603
HCYSMT2	0.0003753706736069603
HEMEOS	0.03785068483632623
GLCt2pp	0.002143665679759112
GALt2pp	0.002143665679759112
HEPT1	0.0011442457676781165
GAPD	0.0998007187584515
GARFT	0.0005162058390791159
HEPT2	0.0030237482390196068
HEPT3	0.00046664663290098897
HETZK	6.679314619279043e-05
GCALDD	0.00021919447595900883
LCADi	0.00021919447595900883
HEX1	0.0035310611194616964
GDPDPK	0.0034772534753121135
PPGPPDP	0.003051540435493143
MMETt2pp	7.550915101038575e-05
HEX7	0.00233912372281394
MMSAD2	0.0004528891723088529
GTPDPK	0.0034772534753121135
GDPMNP	0.0003565959867497963
MMSAD3	0.03902657805554906
HHDDI	0.0003522011463639894
HISDr	0.10958760864312618
HISTD	0.00015573904245063633
MNNH	0.0033126856689240755
IGPDH	0.0009286632566324019
HISTP	0.0009286632566324019
HISTRS	0.006430462235373888
MOAT	0.000865537611427912
MOAT2	0.000865537611427912
SULabcpp	0.0016577972060162311
MOBDabcpp	0.0016577972060162311
TSULabcpp	0.0010530577813142763
PGI	0.013017611748032043
HISt2rpp	0.005044701341189747
TRPt2rpp	0.005044701341189747
PGK	0.03482914100435171
HKNDDH	0.00010951266505925913
HKNTDH	0.00010951266505925913
PGL	0.004564796550835187
HMBS	0.002518410791814201
PGLYCP	0.005672396916396559
PGM	0.03927124041089161
TUNGSabcpp	0.0016577972060162311
HMPK1	0.0005124597307474625
PMPK	0.0001872128554008727
HOMt2pp	0.0007577575077771034
PGMT	0.011404732519696417
THRt2pp	0.0012502873792133425
HOPNTAL	0.00013381021497986238
HPA3MO	0.00033152092489942595
PGPP140	0.002586043517721216
PGPP160pp	0.002586043517721216
PGPP181	0.002586043517721216
PGPP141	0.002586043517721216
PGPP141pp	0.002586043517721216
PGPP180	0.002586043517721216
PGPP120pp	0.002586043517721216
PGPP161	0.002586043517721216
PGPP120	0.002586043517721216
PGPP140pp	0.002586043517721216
PGPP161pp	0.002586043517721216
PGPP180pp	0.002586043517721216
PGPP181pp	0.002586043517721216
PGPP160	0.002586043517721216
MOHMT	0.0005315952449153686
MTHFC	0.0013397307730555878
MTHFD	0.0013397307730555878
PGSA140	0.001249007535036683
PGSA161	0.001249007535036683
PGSA160	0.001249007535036683
PGSA181	0.001249007535036683
PGSA180	0.001249007535036683
PGSA120	0.001249007535036683
PGSA141	0.001249007535036683
PHACOAOR	0.0009570350832101389
HPACt2r	0.00016216046990176708
MTHFR2	0.0007304592097725779
HPPK2	0.00068432508614493
HSK	0.0007830480599929089
HSST	0.0003034433817611437
MTRI	0.00017992496307723082
MTRK	0.0001732463509042053
HSTPT	0.00012560912438191267
MTRPOX	0.0009751778394442457
SARCOX	0.0009751778394442457
PHEMEabcpp	0.0005141726948136459
ICDHyr	0.01765800942164447
MUCCYCI	0.00012593355051094063
ICHORS_copy1	0.0012710647768003794
MUCLI	9.798297332546036e-05
NADDP	0.001964723186060911
PHETRS	0.002878135658106501
NADH10	0.0004826659695411549
NADH9	0.0004826659695411549
NADH5	0.0004826659695411549
ICHORT	5.3692109102639555e-05
ICL	0.0010910945430469084
NADH17pp	0.020951491171572956
NADH16pp	0.020951491171572956
NADH18pp	0.020951491171572956
IG3PS	0.001073420060337047
PIt2rpp	0.0034096640703986905
PIuabcpp	0.0007620744479266562
IGPS	0.0007579262389788973
PRAIi	0.0007579262389788973
VALTA	0.0012313741722530373
ILETA	0.0012313741722530373
ILETRS	0.005748856463366806
VALt2rpp	0.0012012804004469927
ILEt2rpp	0.0012012804004469927
LEUt2rpp	0.0012012804004469927
IMPD	0.001994543464077021
PLIPA2A161pp	0.0008250616041812921
PLIPA2A141pp	0.0008250616041812921
PLIPA1A180pp	0.0008250616041812921
PLIPA2G140pp	0.0008250616041812921
PLIPA2E161pp	0.0008250616041812921
PLIPA1A160pp	0.0008250616041812921
PLIPA2G180pp	0.0008250616041812921
PLIPA1E140pp	0.0008250616041812921
PLIPA2A181pp	0.0008250616041812921
PLIPA1A120pp	0.0008250616041812921
PLIPA1E160pp	0.0008250616041812921
PLIPA2E120pp	0.0008250616041812921
PLIPA2E181pp	0.0008250616041812921
PLIPA1E120pp	0.0008250616041812921
PLIPA2A160pp	0.0008250616041812921
PLIPA2A140pp	0.0008250616041812921
PLIPA2G181pp	0.0008250616041812921
PLIPA1E181pp	0.0008250616041812921
PLIPA1G161pp	0.0008250616041812921
PLIPA1G181pp	0.0008250616041812921
PLIPA2G120pp	0.0008250616041812921
PLIPA1E141pp	0.0008250616041812921
PLIPA2E180pp	0.0008250616041812921
PLIPA2G160pp	0.0008250616041812921
PLIPA2E160pp	0.0008250616041812921
PLIPA1A181pp	0.0008250616041812921
PLIPA1E161pp	0.0008250616041812921
PLIPA1G120pp	0.0008250616041812921
PLIPA2G141pp	0.0008250616041812921
PLIPA2A120pp	0.0008250616041812921
PLIPA1G180pp	0.0008250616041812921
PLIPA1G140pp	0.0008250616041812921
PLIPA2E140pp	0.0008250616041812921
PLIPA2A180pp	0.0008250616041812921
PLIPA2E141pp	0.0008250616041812921
PLIPA1A161pp	0.0008250616041812921
PLIPA1E180pp	0.0008250616041812921
PLIPA1A141pp	0.0008250616041812921
PLIPA1A140pp	0.0008250616041812921
PLIPA1G160pp	0.0008250616041812921
PLIPA2G161pp	0.0008250616041812921
PLIPA1G141pp	0.0008250616041812921
INDOLEt2pp	0.0002521519628269407
PMDPHT	0.0005450418290070503
INDOLEt2rpp	0.00048414304903102173
PNTK	0.00087882845453824
INS2D	0.037909961140564635
PNTOt4pp	0.0004945006017425339
NADHNQR	0.002134463222164953
POX	0.009679827067528395
IPDDI	0.0008778700189970152
PPA	0.014209063251959555
PPA2	0.004839253719404795
IPMD	0.00034990293671168855
OMCDC	0.00034990293671168855
IPPMIb	0.0006160225822961814
IPPMIa	0.0006160225822961814
NADK	0.00048373104330300733
IPPS	0.0003625781769696073
NADPHQR4	0.0004228608621545751
NADPHQR3	0.0004228608621545751
NADPHQR2	0.0004228608621545751
IZPN	0.011101687756376611
PROt4pp	0.01962705746531155
PPAt4pp	0.01962705746531155
NADS1	0.0021266286830764936
ACACT8r	0.006004096388193213
ACACT10	0.006004096388193213
ACACT12	0.006004096388193213
ACACT9	0.006004096388193213
ACACT8	0.006004096388193213
ACACT11	0.006004096388193213
ACACT13	0.006004096388193213
KAT1	0.006004096388193213
THD2pp	0.0019841348707905046
NADTRHD	0.0073739062886409275
PPBNGS	0.0013806290729535915
PPC	0.002020970946199967
KDOCT2	0.0025597082922011252
NAMNPP	0.000975377159956521
PPCDC	0.0005933222427527996
PPNCL2	0.0005933222427527996
KDOPP	0.003331423711391058
NAt3_1p5pp	0.00044060372237311437
PPCK	0.007530863868493269
KDOPS	0.004357493071307187
PPK2	0.004653888216103921
PPK	0.004653888216103921
NAt3_2pp	0.0008560313805933948
KG6PDC	0.0003363127981147496
PPM	0.02754454371474199
PPM2	0.02754454371474199
Kabcpp	0.00025842614011099276
NH4tpp	0.00019322367309918527
NHFRBO	9.502993865559864e-05
PPPGO3	0.001520411291139089
PPPGO	0.001520411291139089
PPPNt2rpp	0.001395428462641653
Kt2pp	0.0017340988819935324
TRSARr	0.011594391359806557
PPRDNDH	0.011594391359806557
PPS	0.028328019539484044
PPTHpp	0.0003969621410271453
NMNAT	0.004333900965586488
NNATr	0.0006139948581938239
PRAGSr	0.0006278378302370472
PRAIS	0.0005757898935642785
NMNPtpp	0.0023643533396701054
NNAM	0.0011354434925051355
PRAMPC	0.001258015965882145
PRATPP	0.001258015965882145
L_LACD2	0.00048576970619074845
L_LACD3	0.00048576970619074845
NNDMBRT	0.0002729645518512817
LA4NTpp	0.0009614265485413016
NNDPR	0.0006933408528885723
PRASCSi	0.00224122501648017
LACZ	0.00013223650778769255
PRFGS	0.0005742185806997634
PRMICI	0.0005407027480338037
LACZpp	0.0029974153629640514
NO3t7pp	0.001486050156310796
NO2t2rpp	0.001486050156310796
LADGMDH	0.0010546149315008916
NO3R2pp	0.01963009460448069
NO3R1pp	0.01963009460448069
PROTRS	0.0028457866949700207
LCARS	0.00023561813602405426
LCARR	0.00023561813602405426
PRPPS	0.005964947098894646
PSCVT	0.0009239964888962506
PSD181	0.001271373709110847
PSD180	0.001271373709110847
PSD161	0.001271373709110847
PSD160	0.001271373709110847
PSD120	0.001271373709110847
PSD141	0.001271373709110847
PSD140	0.001271373709110847
LCTStpp	0.00014709973203813495
PSP_L	0.0013448394228867734
LDH_D	0.0058569294812877174
PSSA141	0.0016032800123420498
PSSA140	0.0016032800123420498
PSSA180	0.0016032800123420498
PSSA161	0.0016032800123420498
PSSA160	0.0016032800123420498
PSSA181	0.0016032800123420498
PSSA120	0.0016032800123420498
LDH_D2	0.0058569294812877174
PTA2	0.0037051597345756984
PTAr	0.0037051597345756984
LEUTRS	0.00537104939024873
LGTHL	0.0021512553317963477
PTPATi	0.0013408491531537662
NODOy	0.0006138260282227643
NODOx	0.0006138260282227643
LIPAHT2ex	0.0003712136080330236
LIPAHTex	0.0003712136080330236
LPADSS	0.0017818986545802152
LPLIPAL1E120pp	0.0005540405121635339
LPLIPAL1G161pp	0.0005540405121635339
LPLIPAL1A160pp	0.0005540405121635339
LPLIPAL1E140pp	0.0005540405121635339
LPLIPAL1A180pp	0.0005540405121635339
LPLIPAL1E180pp	0.0005540405121635339
LPLIPAL1E181pp	0.0005540405121635339
LPLIPAL1A161pp	0.0005540405121635339
LPLIPAL1G141pp	0.0005540405121635339
LPLIPAL1G160pp	0.0005540405121635339
LPLIPAL1G181pp	0.0005540405121635339
LPLIPAL1A141pp	0.0005540405121635339
LPLIPAL1A181pp	0.0005540405121635339
LPLIPAL1E160pp	0.0005540405121635339
LPLIPAL1G120pp	0.0005540405121635339
LPLIPAL1A120pp	0.0005540405121635339
LPLIPAL1G140pp	0.0005540405121635339
LPLIPAL1E161pp	0.0005540405121635339
LPLIPAL1G180pp	0.0005540405121635339
LPLIPAL1A140pp	0.0005540405121635339
LPLIPAL1E141pp	0.0005540405121635339
NPHS	0.0036813097754673538
NTD1	0.00475453285848589
NTD12	0.00475453285848589
NTD6	0.00475453285848589
NTD5	0.00475453285848589
NTD8	0.00475453285848589
NTD3	0.00475453285848589
PTRCTA	0.00858680780041265
PTRCabcpp	0.005649212325714692
SPMDabcpp	0.005649212325714692
LPLIPAL2A120	0.004241944021787932
LPLIPAL2E180	0.004241944021787932
LPLIPAL2ATG140	0.004241944021787932
LPLIPAL2A141	0.004241944021787932
LPLIPAL2E161	0.004241944021787932
LPLIPAL2ATE180	0.004241944021787932
LPLIPAL2ATE120	0.004241944021787932
LPLIPAL2ATG160	0.004241944021787932
LPLIPAL2ATG161	0.004241944021787932
LPLIPAL2G140	0.004241944021787932
LPLIPAL2ATG141	0.004241944021787932
LPLIPAL2E160	0.004241944021787932
LPLIPAL2G161	0.004241944021787932
LPLIPAL2ATG120	0.004241944021787932
LPLIPAL2G180	0.004241944021787932
LPLIPAL2ATE140	0.004241944021787932
LPLIPAL2G181	0.004241944021787932
LPLIPAL2E181	0.004241944021787932
LPLIPAL2E140	0.004241944021787932
LPLIPAL2G120	0.004241944021787932
LPLIPAL2ATG180	0.004241944021787932
LPLIPAL2ATE160	0.004241944021787932
LPLIPAL2A140	0.004241944021787932
LPLIPAL2G141	0.004241944021787932
LPLIPAL2A161	0.004241944021787932
LPLIPAL2ATE181	0.004241944021787932
LPLIPAL2A181	0.004241944021787932
LPLIPAL2A160	0.004241944021787932
LPLIPAL2G160	0.004241944021787932
LPLIPAL2A180	0.004241944021787932
LPLIPAL2ATE161	0.004241944021787932
LPLIPAL2E141	0.004241944021787932
LPLIPAL2ATG181	0.004241944021787932
LPLIPAL2E120	0.004241944021787932
LPLIPAL2ATE141	0.004241944021787932
LYSDC	0.0009755754888959522
NTD2	0.00475453285848589
NTD9	0.00475453285848589
NTD4	0.00475453285848589
NTD10	0.00475453285848589
NTD7	0.00475453285848589
NTD11	0.00475453285848589
THRD	0.023613169710522713
UACGAMPpp	0.0048932465283813625
UGLCURPpp	0.0048932465283813625
UDPGALPpp	0.0048932465283813625
UDPGPpp	0.0048932465283813625
UACGALPpp	0.0048932465283813625
NTP10	0.0020931840770515926
NTP5	0.0020931840770515926
NTP1	0.0020931840770515926
NTP3	0.0020931840770515926
NTP12	0.0012882332708603927
NTP11	0.0012882332708603927
THRD_L	0.006650331549184437
NTPP4	0.0008988814362489833
NTPP6	0.0008988814362489833
NTPP8	0.0008988814362489833
NTPP10	0.0008641932959563641
NTPP11	0.0008641932959563641
NTPP9	0.0008641932959563641
THRTRS	0.00849405134476682
NTRIR2x	0.0009322605901154658
TMPK	0.0018087082793488572
OAADC	8.647936065629757e-05
PTRCt2pp	0.0014481220511053427
PYDAMK	0.000635151311203145
PYDXK	0.0007068133669714455
PYDXNK	0.000635151311203145
OBTFL	0.014365276605582908
PFL	0.014365276605582908
PYNP2r	0.0031528714841930544
TKT1	0.020901241390439123
TKT2	0.020901241390439123
QMO2	0.0031877740010027994
QMO3	0.0031877740010027994
QULNS	0.00015913477342686304
OCBT	0.00021861211950473467
TMDS	0.001115210692968436
OCTDPS	0.0019284163713390722
TMK	0.001681626862851998
OHEDH	0.00018066333921576321
R15BPK	0.0005551692876924553
TMN	8.979639522499195e-05
RBFSa	0.001976600760567838
RBFSb	0.003455107549839547
PSERT	0.005973552313175092
OHPBAT	0.005973552313175092
OMMBLHX	0.0008683991809138125
TMPPP	0.00012423096918151366
OMPDC	0.00024559852285726505
RBK	0.0015965086859508753
TPI	0.0210567719039422
RBK_Dr	0.000910302026775526
OMPHHX	0.001178832017963956
TPRDCOAS	0.00013333822127622972
OP4ENH	0.00010785580565455028
XYLK2	0.00015006865914583665
RBK_L1	0.00015006865914583665
TRE6PH	0.0008267549450523097
RBP4E	0.00024559852285726505
OPHBDC	0.0018315793375746298
TRE6PS	0.01411282050888453
TREH	0.0028871040212349987
RBTDG	0.000846055706260877
OPHHX	0.004834136991516856
OPTCCL	0.0002241598760715839
TREHpp	0.0041020335347919865
ORNDC	0.00022098838273262685
ORPT	0.0014979240701203662
RHCCE	0.03338557605731181
RIBabcpp	0.005076330351569742
SHCHCS2	0.0014029383233081167
OXGDC2	0.0014029383233081167
TRPS2	0.0009575426395046954
TRPS3	0.0009575426395046954
TRPS1	0.0009575426395046954
OXOAEL	0.0015373112570671193
OXPTNDH	0.06470098013837038
SSALx	0.06470098013837038
SSALy	0.06470098013837038
TRPTRS	0.004196691156693466
TYRTRS	0.0036794262565374375
PROD2	0.015162478964499352
P5CD	0.015162478964499352
RMK	6.452588278692639e-05
RMPA	0.00011217739742315009
U23GAAT	0.005019037790200482
P5CR	0.0022760246114993843
UAAGDS	0.006707729764453791
PACCOAL	0.0006627668926706956
UACMAMO	0.004090069174592705
PANTS	0.0018001502008425391
UAG2E	0.004137256636872151
UDCPDP	0.0014304899392261264
PAPA120	0.0014304899392261264
PAPA181	0.0014304899392261264
PAPA180pp	0.0014304899392261264
PAPA141	0.0014304899392261264
PAPA120pp	0.0014304899392261264
PAPA140pp	0.0014304899392261264
PAPA180	0.0014304899392261264
PAPA140	0.0014304899392261264
UDCPDPpp	0.0014304899392261264
PAPA181pp	0.0014304899392261264
PAPA141pp	0.0014304899392261264
PAPA161pp	0.0014304899392261264
PAPA160pp	0.0014304899392261264
PAPA161	0.0014304899392261264
PAPA160	0.0014304899392261264
UAGAAT	0.01110233855099161
PAPPT3	0.004591769434163384
UAGCVT	0.00236050557957042
UAGPT3	0.003130736615995697
UAMAGS	0.006011591672702735
UAMAS	0.0040651571515384
UAPGR	0.0005615599443929751
RPE	0.0033873808125457765
RPI	0.007092550909438171
PDE1	0.0017399832477895977
RZ5PP	0.00019421664344749118
UDCPDPS	0.0032302033556155475
Rbtt2	0.0017811120213822654
UDPG4E	0.0012207173157051786
S7PI	0.004762896248820442
UDPGD	0.003022547819241498
ULA4NFT	0.0014541197707106707
UDPGDC	0.0014541197707106707
SADH	0.005795615171913618
PYAM5PO	0.0010424997546550762
PDX5POi	0.0010424997546550762
UDPKAAT	0.00046843993640556417
PDX5PS	0.0019774785514653647
UGLT	0.00051568652593067
UGLYCH	0.0005359423520108631
PERD	0.001232821473373917
SADT2	0.0006489313516985585
SBTPD	0.0023415627606181225
UGMDDS	0.005053147711846352
PETNT161pp	0.0003349108279620779
PETNT181pp	0.0003349108279620779
UHGADA	0.07516306907040195
PFK_2	0.00859146759595176
PFK	0.00859146759595176
UM3PL	0.001323456587322004
UM4PL	0.001323456587322004
SDPDS	0.002192718679053284
URIDK2r	0.002565581652982583
PGAMT	0.0032293919263859452
UPLA4FNT	0.0006195349061737015
PGCD	0.001034938182308698
SELCYSS	0.0007007081921201298
UPP3MT	0.003198086779341043
UPP3S	0.002442648247609455
UPPDC1	0.0043954287342618335
UPPRT	0.0023058452937524
SELNPS	0.002072719660390495
URAt2pp_copy1	0.000436006659222133
SERASr	5.5454761543537576e-05
URAt2pp_copy2	8.098256051388974e-05
SERAT	0.0021830873273827327
URCN	0.10789627500204114
SERD_D	0.00025182905142656577
UREA	0.00031260300876809606
SERD_L	0.006650331549184437
URIC	8.05835992132311e-05
SERTRS	0.00831952539669099
SERTRS2	0.00831952539669099
SERt2rpp	0.005223149610943406
THRt2rpp	0.0001207972210048438
USHD	0.0006179811603182472
VALTRS	0.004969173757742484
VPAMTr	0.00017528088849390772
THRt4pp	0.005467238880827055
SERt4pp	0.005467238880827055
X5PL3E	0.0002237836421082323
SFGTHi	0.00043167050053455667
XAND	8.228180418391341e-05
SGDS	0.00765151030447272
XYLI2	0.0017003769395468504
XYLI1	0.0017003769395468504
SGSAD	0.00896419068030995
SHCHCC	0.0007919988445948551
XYLabcpp	0.0006520878021468063
SHCHD2	0.0007930446618123517
SHCHF	0.0007930446618123517
SHK3Dr	0.0038780029665771505
XYLt2pp	0.00025485734261853444
ZNabcpp	0.0016370365994894222
SHKK	0.005081933421110041
ABTpp2	0.00014663448334152138
SHSL1	0.0016557092741791926
SKMt2pp	0.00013982330749284636
SPMDAT2	0.0010504770112994262
SPMDAT1	0.0010504770112994262
SPMS	0.0022553021875765804
SPODM	0.023780748048740162
SPODMpp	0.003307983333772284
SUCBZL	0.0017485608311674989
SUCBZS	0.002989028827158175
SUCDi	0.04266733816758163
SUCRtex	0.00010549003308557368
SUCptspp	0.0001753062075965205
TAGURr	0.00030844105896873306
TALA	0.024426102964817738
TARTRt7pp	5.4749397412544605e-05
TAUDO	0.00012766665186419855
TDPADGAT	0.001427038979386721
TDPAGTA	0.001964125051741547
TDPGDH	0.003894042190026634
TDSK	0.0008337920332282403
TGBPA	0.00044058218869810816
THDPS	0.009673838262130814
THMabcpp	0.00031734496663742674
EX_cd2_e	0.0006845806510690428
EX_cbi_e	0.0006845806510690428
EX_cbl1_e	0.0006845806510690428
12DGR120tipp	0.0006845806510690428
12DGR140tipp	0.0006845806510690428
12DGR141tipp	0.0006845806510690428
12DGR160tipp	0.0006845806510690428
12DGR161tipp	0.0006845806510690428
12DGR180tipp	0.0006845806510690428
12DGR181tipp	0.0006845806510690428
13PPDtex	0.0006845806510690428
13PPDtpp	0.0006845806510690428
23DAPPAt2pp	0.0006845806510690428
4PCPpp	0.0006845806510690428
ACLS_a	0.0006845806510690428
ACOLIPAtex	0.0006845806510690428
ACONIs	0.0006845806510690428
AGM4PCPpp	0.0006845806510690428
ACt2rpp	0.0006845806510690428
ACALDtpp	0.0006845806510690428
23DK5MPPISO	0.0006845806510690428
ALATA_L	0.0006845806510690428
ALLPI	0.0006845806510690428
BZt	0.0006845806510690428
ATPM	0.0006845806510690428
BLUB	0.0006845806510690428
BPNT	0.0006845806510690428
BTDD_RR	0.0006845806510690428
BTDt_RR	0.0006845806510690428
CELLBabc	0.0006845806510690428
CO2tpp	0.0006845806510690428
CLIPAtex	0.0006845806510690428
CLPNH120pp	0.0006845806510690428
CLPNH140pp	0.0006845806510690428
CLPNH141pp	0.0006845806510690428
CLPNH160pp	0.0006845806510690428
CLPNH161pp	0.0006845806510690428
CLPNH180pp	0.0006845806510690428
CLPNH181pp	0.0006845806510690428
EX_cgly_e	0.0006845806510690428
CYRDAR2	0.0006845806510690428
CYRDAS	0.0006845806510690428
CYSabcpp	0.0006845806510690428
AOBUTDs	0.0006845806510690428
CYSDabcpp	0.0006845806510690428
APPLDHr	0.0006845806510690428
D5KGPA	0.0006845806510690428
DACTt3	0.0006845806510690428
DHAtpp	0.0006845806510690428
DHBSH	0.0006845806510690428
DAPAT	0.0006845806510690428
ARD_1	0.0006845806510690428
DKMPPD	0.0006845806510690428
DKMPPD3	0.0006845806510690428
DNMPPA	0.0006845806510690428
EX_cellb_e	0.0006845806510690428
2OH3K5MPPISO	0.0006845806510690428
ENTCS	0.0006845806510690428
ETOHt2rpp	0.0006845806510690428
FCLT	0.0006845806510690428
G5SADs	0.0006845806510690428
FE3abcpp	0.0006845806510690428
FECRMR3	0.0006845806510690428
FEENTERR3	0.0006845806510690428
H2tpp	0.0006845806510690428
HYPOE	0.0006845806510690428
ICHORS_copy2	0.0006845806510690428
INSTt2	0.0006845806510690428
K2L4Atex	0.0006845806510690428
MDRPD	0.0006845806510690428
MG2t3_2pp	0.0006845806510690428
N2Otpp	0.0006845806510690428
NACtpp	0.0006845806510690428
NADN	0.0006845806510690428
NMNN	0.0006845806510690428
NMNt7pp	0.0006845806510690428
NOtpp	0.0006845806510690428
O2tpp	0.0006845806510690428
OPHHX3	0.0006845806510690428
PACALDt2rpp	0.0006845806510690428
PDX5PO2	0.0006845806510690428
PDXPP	0.0006845806510690428
EX_chol_e	0.0006845806510690428
PHEMEtiex	0.0006845806510690428
PMANM	0.0006845806510690428
PPALtpp	0.0006845806510690428
PYDXPP	0.0006845806510690428
PYRt2rpp	0.0006845806510690428
R1PK	0.0006845806510690428
SO2tpp	0.0006845806510690428
TDPDRE	0.0006845806510690428
TDPDRR	0.0006845806510690428
SUCCt3pp	0.0006845806510690428
THYMt3pp	0.0006845806510690428
TARTD	0.0006845806510690428
EX_ca2_e	0.0006845806510690428
ULA4Ntppi	0.0006845806510690428
UNK3	0.0006845806510690428
UPLA4FNF	0.0006845806510690428
UDCPPtppi	0.0006845806510690428
EX_12ppd__S_e	0.0006845806510690428
EX_13ppd_e	0.0006845806510690428
EX_14glucan_e	0.0006845806510690428
EX_15dap_e	0.0006845806510690428
EX_23camp_e	0.0006845806510690428
EX_23ccmp_e	0.0006845806510690428
EX_23cgmp_e	0.0006845806510690428
EX_cit_e	0.0006845806510690428
EX_cl_e	0.0006845806510690428
EX_23cump_e	0.0006845806510690428
EX_23dappa_e	0.0006845806510690428
EX_26dap__M_e	0.0006845806510690428
EX_2ddglcn_e	0.0006845806510690428
EX_cmp_e	0.0006845806510690428
EX_co2_e	0.0006845806510690428
EX_34dhpac_e	0.0006845806510690428
EX_glyc2p_e	0.0006845806510690428
EX_3amp_e	0.0006845806510690428
EX_3cmp_e	0.0006845806510690428
EX_3gmp_e	0.0006845806510690428
EX_3hcinnm_e	0.0006845806510690428
EX_3hpppn_e	0.0006845806510690428
EX_cobalt2_e	0.0006845806510690428
EX_colipa_e	0.0006845806510690428
EX_crn_e	0.0006845806510690428
EX_csn_e	0.0006845806510690428
EX_cu_e	0.0006845806510690428
EX_cu2_e	0.0006845806510690428
EX_cyan_e	0.0006845806510690428
EX_cynt_e	0.0006845806510690428
EX_3ump_e	0.0006845806510690428
EX_4abut_e	0.0006845806510690428
EX_glyc3p_e	0.0006845806510690428
EX_4hoxpacd_e	0.0006845806510690428
EX_cys__D_e	0.0006845806510690428
EX_cys__L_e	0.0006845806510690428
EX_cytd_e	0.0006845806510690428
EX_glyclt_e	0.0006845806510690428
EX_dad_2_e	0.0006845806510690428
EX_4hphac_e	0.0006845806510690428
EX_gmp_e	0.0006845806510690428
EX_5dglcn_e	0.0006845806510690428
EX_damp_e	0.0006845806510690428
EX_dca_e	0.0006845806510690428
EX_LalaDgluMdap_e	0.0006845806510690428
EX_dcmp_e	0.0006845806510690428
EX_gsn_e	0.0006845806510690428
EX_dcyt_e	0.0006845806510690428
EX_ddca_e	0.0006845806510690428
EX_dgmp_e	0.0006845806510690428
EX_dgsn_e	0.0006845806510690428
EX_LalaDgluMdapDala_e	0.0006845806510690428
EX_abt__D_e	0.0006845806510690428
EX_ac_e	0.0006845806510690428
EX_acald_e	0.0006845806510690428
EX_acgal_e	0.0006845806510690428
EX_acgal1p_e	0.0006845806510690428
EX_dha_e	0.0006845806510690428
EX_gthox_e	0.0006845806510690428
EX_diact_e	0.0006845806510690428
EX_dimp_e	0.0006845806510690428
EX_acgam_e	0.0006845806510690428
EX_acgam1p_e	0.0006845806510690428
EX_din_e	0.0006845806510690428
EX_acmana_e	0.0006845806510690428
EX_gthrd_e	0.0006845806510690428
EX_acmum_e	0.0006845806510690428
EX_dms_e	0.0006845806510690428
EX_dmso_e	0.0006845806510690428
EX_acolipa_e	0.0006845806510690428
EX_dopa_e	0.0006845806510690428
EX_gtp_e	0.0006845806510690428
EX_dtmp_e	0.0006845806510690428
EX_acser_e	0.0006845806510690428
EX_dump_e	0.0006845806510690428
EX_ade_e	0.0006845806510690428
EX_gua_e	0.0006845806510690428
EX_adn_e	0.0006845806510690428
EX_adocbl_e	0.0006845806510690428
EX_duri_e	0.0006845806510690428
EX_etha_e	0.0006845806510690428
EX_ethso3_e	0.0006845806510690428
EX_ag_e	0.0006845806510690428
EX_etoh_e	0.0006845806510690428
EX_h_e	0.0006845806510690428
EX_f6p_e	0.0006845806510690428
EX_fald_e	0.0006845806510690428
EX_agm_e	0.0006845806510690428
EX_akg_e	0.0006845806510690428
EX_ala_B_e	0.0006845806510690428
EX_ala__D_e	0.0006845806510690428
EX_ala__L_e	0.0006845806510690428
EX_alaala_e	0.0006845806510690428
EX_fe2_e	0.0006845806510690428
EX_fe3_e	0.0006845806510690428
EX_fe3dhbzs_e	0.0006845806510690428
EX_fe3hox_e	0.0006845806510690428
EX_fecrm_e	0.0006845806510690428
EX_all__D_e	0.0006845806510690428
EX_amp_e	0.0006845806510690428
EX_feenter_e	0.0006845806510690428
EX_anhgm_e	0.0006845806510690428
EX_feoxam_e	0.0006845806510690428
EX_arab__L_e	0.0006845806510690428
EX_h2_e	0.0006845806510690428
EX_arg__L_e	0.0006845806510690428
EX_for_e	0.0006845806510690428
EX_ascb__L_e	0.0006845806510690428
EX_fru_e	0.0006845806510690428
EX_h2o_e	0.0006845806510690428
EX_frulys_e	0.0006845806510690428
EX_asn__L_e	0.0006845806510690428
EX_aso3_e	0.0006845806510690428
EX_h2o2_e	0.0006845806510690428
EX_asp__L_e	0.0006845806510690428
EX_fruur_e	0.0006845806510690428
EX_fuc__L_e	0.0006845806510690428
EX_btd_RR_e	0.0006845806510690428
EX_h2s_e	0.0006845806510690428
EX_but_e	0.0006845806510690428
EX_fum_e	0.0006845806510690428
EX_g1p_e	0.0006845806510690428
EX_butso3_e	0.0006845806510690428
EX_hacolipa_e	0.0006845806510690428
EX_bz_e	0.0006845806510690428
EX_g3pc_e	0.0006845806510690428
EX_g3pe_e	0.0006845806510690428
EX_halipa_e	0.0006845806510690428
EX_g3pg_e	0.0006845806510690428
EX_g3pi_e	0.0006845806510690428
EX_g3ps_e	0.0006845806510690428
EX_pi_e	0.0006845806510690428
EX_pnto__R_e	0.0006845806510690428
EX_g6p_e	0.0006845806510690428
EX_ppa_e	0.0006845806510690428
EX_gal_e	0.0006845806510690428
EX_hdca_e	0.0006845806510690428
EX_gal_bD_e	0.0006845806510690428
EX_ppal_e	0.0006845806510690428
EX_pppn_e	0.0006845806510690428
EX_ppt_e	0.0006845806510690428
EX_gal1p_e	0.0006845806510690428
EX_hdcea_e	0.0006845806510690428
EX_galct__D_e	0.0006845806510690428
EX_galctn__D_e	0.0006845806510690428
EX_galctn__L_e	0.0006845806510690428
EX_galt_e	0.0006845806510690428
EX_pro__L_e	0.0006845806510690428
EX_progly_e	0.0006845806510690428
EX_psclys_e	0.0006845806510690428
EX_pser__L_e	0.0006845806510690428
EX_galur_e	0.0006845806510690428
EX_gam_e	0.0006845806510690428
EX_ptrc_e	0.0006845806510690428
EX_hg2_e	0.0006845806510690428
EX_pyr_e	0.0006845806510690428
EX_r5p_e	0.0006845806510690428
EX_gam6p_e	0.0006845806510690428
EX_gdp_e	0.0006845806510690428
EX_rbt_e	0.0006845806510690428
EX_his__L_e	0.0006845806510690428
EX_rib__D_e	0.0006845806510690428
EX_rmn_e	0.0006845806510690428
EX_glc__D_e	0.0006845806510690428
EX_glcn_e	0.0006845806510690428
EX_glcr_e	0.0006845806510690428
EX_sbt__D_e	0.0006845806510690428
EX_glcur_e	0.0006845806510690428
EX_hom__L_e	0.0006845806510690428
EX_glcur1p_e	0.0006845806510690428
EX_gln__L_e	0.0006845806510690428
EX_glu__L_e	0.0006845806510690428
EX_gly_e	0.0006845806510690428
EX_ser__D_e	0.0006845806510690428
EX_ser__L_e	0.0006845806510690428
EX_skm_e	0.0006845806510690428
EX_so2_e	0.0006845806510690428
EX_so3_e	0.0006845806510690428
EX_so4_e	0.0006845806510690428
EX_glyald_e	0.0006845806510690428
EX_glyb_e	0.0006845806510690428
EX_spmd_e	0.0006845806510690428
EX_hxa_e	0.0006845806510690428
EX_succ_e	0.0006845806510690428
EX_sucr_e	0.0006845806510690428
EX_sulfac_e	0.0006845806510690428
EX_glyc_e	0.0006845806510690428
EX_glyc__R_e	0.0006845806510690428
EX_hxan_e	0.0006845806510690428
EX_tartr__L_e	0.0006845806510690428
EX_taur_e	0.0006845806510690428
EX_tcynt_e	0.0006845806510690428
EX_idon__L_e	0.0006845806510690428
EX_thm_e	0.0006845806510690428
EX_thr__L_e	0.0006845806510690428
EX_ile__L_e	0.0006845806510690428
EX_thrp_e	0.0006845806510690428
EX_thym_e	0.0006845806510690428
EX_imp_e	0.0006845806510690428
EX_thymd_e	0.0006845806510690428
EX_indole_e	0.0006845806510690428
EX_tma_e	0.0006845806510690428
EX_tmao_e	0.0006845806510690428
EX_tre_e	0.0006845806510690428
EX_inost_e	0.0006845806510690428
EX_trp__L_e	0.0006845806510690428
EX_tsul_e	0.0006845806510690428
EX_ins_e	0.0006845806510690428
EX_ttdca_e	0.0006845806510690428
EX_ttdcea_e	0.0006845806510690428
EX_isetac_e	0.0006845806510690428
EX_tungs_e	0.0006845806510690428
EX_tym_e	0.0006845806510690428
EX_tyr__L_e	0.0006845806510690428
EX_tyrp_e	0.0006845806510690428
EX_uacgam_e	0.0006845806510690428
EX_udpacgal_e	0.0006845806510690428
EX_k_e	0.0006845806510690428
EX_udpg_e	0.0006845806510690428
EX_udpgal_e	0.0006845806510690428
EX_kdo2lipid4_e	0.0006845806510690428
EX_udpglcur_e	0.0006845806510690428
EX_ump_e	0.0006845806510690428
EX_lac__D_e	0.0006845806510690428
EX_ura_e	0.0006845806510690428
EX_urea_e	0.0006845806510690428
EX_lac__L_e	0.0006845806510690428
EX_uri_e	0.0006845806510690428
EX_val__L_e	0.0006845806510690428
EX_lcts_e	0.0006845806510690428
EX_xan_e	0.0006845806510690428
EX_xmp_e	0.0006845806510690428
EX_xtsn_e	0.0006845806510690428
EX_leu__L_e	0.0006845806510690428
EX_xyl__D_e	0.0006845806510690428
EX_xylu__L_e	0.0006845806510690428
EX_lipa_e	0.0006845806510690428
EX_zn2_e	0.0006845806510690428
EX_lipa_cold_e	0.0006845806510690428
BIOMASS_	0.0006845806510690428
EX_lys__L_e	0.0006845806510690428
SK_dna_c	0.0006845806510690428
EX_lyx__L_e	0.0006845806510690428
SK_dna5mtc_c	0.0006845806510690428
EX_mal__D_e	0.0006845806510690428
EX_mal__L_e	0.0006845806510690428
EX_malt_e	0.0006845806510690428
EX_malthx_e	0.0006845806510690428
EX_maltpt_e	0.0006845806510690428
EX_malttr_e	0.0006845806510690428
EX_maltttr_e	0.0006845806510690428
EX_man_e	0.0006845806510690428
EX_man6p_e	0.0006845806510690428
EX_manglyc_e	0.0006845806510690428
EX_melib_e	0.0006845806510690428
EX_met__D_e	0.0006845806510690428
EX_met__L_e	0.0006845806510690428
EX_metsox_R__L_e	0.0006845806510690428
EX_metsox_S__L_e	0.0006845806510690428
EX_mg2_e	0.0006845806510690428
EX_mmet_e	0.0006845806510690428
EX_mn2_e	0.0006845806510690428
EX_mnl_e	0.0006845806510690428
EX_mobd_e	0.0006845806510690428
EX_mso3_e	0.0006845806510690428
EX_n2o_e	0.0006845806510690428
EX_na1_e	0.0006845806510690428
EX_nac_e	0.0006845806510690428
EX_nh4_e	0.0006845806510690428
EX_ni2_e	0.0006845806510690428
EX_nmn_e	0.0006845806510690428
EX_no_e	0.0006845806510690428
EX_no2_e	0.0006845806510690428
EX_no3_e	0.0006845806510690428
EX_o2_e	0.0006845806510690428
EX_o2s_e	0.0006845806510690428
EX_ocdca_e	0.0006845806510690428
EX_ocdcea_e	0.0006845806510690428
EX_octa_e	0.0006845806510690428
EX_orn_e	0.0006845806510690428
EX_orot_e	0.0006845806510690428
EX_pacald_e	0.0006845806510690428
EX_peamn_e	0.0006845806510690428
EX_phe__L_e	0.0006845806510690428
EX_pheme_e	0.0006845806510690428
