gene	transcript_abund
KPN_00001	16.712
KPN_00002	613.248
KPN_00003	233.817
KPN_00004	323.413
KPN_00005	83.716
KPN_00006	191.417
KPN_00007	230.103
KPN_00008	377.574
KPN_00009	143.911
KPN_00010	317.224
KPN_00011	138.805
KPN_00012	143.756
KPN_00013	58.802
KPN_00014	631.043
KPN_00015	281.633
KPN_00016	290.608
KPN_00017	187.394
KPN_00018	101.202
KPN_00020	235.364
KPN_00021	837.161
KPN_00022	128.282
KPN_00023	114.046
KPN_00024	235.364
KPN_00025	220.2
KPN_00026	55.089
KPN_00027	136.329
KPN_00028	110.796
KPN_00029	239.697
KPN_00030	158.457
KPN_00031	216.331
KPN_00032	29.865
KPN_00033	168.051
KPN_00034	129.984
KPN_00035	43.173
KPN_00036	112.653
KPN_00037	190.953
KPN_00038	115.438
KPN_00039	202.404
KPN_00040	291.227
KPN_00041	796.618
KPN_00042	50.911
KPN_00043	94.393
KPN_00044	324.342
KPN_00045	118.533
KPN_00046	209.368
KPN_00047	90.68
KPN_00048	207.511
KPN_00049	240.162
KPN_00050	323.878
KPN_00051	696.035
KPN_00052	170.218
KPN_00053	171.146
KPN_00054	397.845
KPN_00055	332.389
KPN_00056	129.984
KPN_00057	160.314
KPN_00058	620.985
KPN_00059	395.06
KPN_00060	130.758
KPN_00061	367.051
KPN_00062	332.079
KPN_00063	209.832
KPN_00064	186.775
KPN_00065	103.987
KPN_00066	266.158
KPN_00067	233.817
KPN_00068	352.196
KPN_00069	38.686
KPN_00070	192.965
KPN_00071	173.931
KPN_00072	150.72
KPN_00073	183.526
KPN_00074	160.314
KPN_00075	117.45
KPN_00076	269.408
KPN_00077	154.279
KPN_00078	351.267
KPN_00079	274.515
KPN_00080	395.369
KPN_00081	115.129
KPN_00082	432.972
KPN_00083	123.33
KPN_00084	251.458
KPN_00085	123.485
KPN_00086	240.626
KPN_00087	92.846
KPN_00088	441.018
KPN_00089	372.622
KPN_00090	332.853
KPN_00091	268.789
KPN_00092	327.746
KPN_00093	316.14
KPN_00094	267.396
KPN_00095	367.979
KPN_00096	233.353
KPN_00097	207.356
KPN_00098	317.533
KPN_00099	489.298
KPN_00100	1334.351
KPN_00101	107.392
KPN_00102	672.978
KPN_00103	84.49
KPN_00104	46.268
KPN_00105	180.431
KPN_00106	123.176
KPN_00107	276.371
KPN_00108	172.075
KPN_00109	175.943
KPN_00110	54.47
KPN_00111	217.26
KPN_00112	139.733
KPN_00113	179.347
KPN_00114	213.546
KPN_00115	244.494
KPN_00116	343.221
KPN_00117	197.607
KPN_00118	952.6
KPN_00119	574.871
KPN_00120	752.981
KPN_00121	48.28
KPN_00122	136.019
KPN_00123	259.195
KPN_00124	909.581
KPN_00125	88.513
KPN_00126	193.12
KPN_00127	210.76
KPN_00128	305.308
KPN_00129	54.16
KPN_00130	84.18
KPN_00131	363.492
KPN_00132	578.895
KPN_00133	139.578
KPN_00134	151.029
KPN_00135	202.095
KPN_00136	155.362
KPN_00137	108.63
KPN_00138	214.165
KPN_00139	91.299
KPN_00140	209.368
KPN_00141	192.81
KPN_00142	102.44
KPN_00143	337.186
KPN_00144	193.429
KPN_00145	229.33
KPN_00146	173.622
KPN_00147	78.61
KPN_00148	412.7
KPN_00149	101.976
KPN_00150	90.061
KPN_00151	58.493
KPN_00152	147.006
KPN_00153	119.307
KPN_00154	70.563
KPN_00155	43.947
KPN_00156	63.445
KPN_00157	54.005
KPN_00158	151.803
KPN_00159	185.228
KPN_00160	253.624
KPN_00161	84.799
KPN_00162	38.376
KPN_00163	442.411
KPN_00164	629.186
KPN_00165	548.72
KPN_00166	175.634
KPN_00167	151.339
KPN_00168	328.52
KPN_00169	311.189
KPN_00170	223.295
KPN_00171	104.606
KPN_00172	118.069
KPN_00173	156.91
KPN_00174	172.075
KPN_00175	311.962
KPN_00176	356.993
KPN_00177	270.336
KPN_00178	99.036
KPN_00179	328.52
KPN_00180	515.45
KPN_00181	203.797
KPN_00182	491.465
KPN_00183	311.498
KPN_00184	181.359
KPN_00185	196.833
KPN_00186	288.751
KPN_00187	197.762
KPN_00188	195.441
KPN_00189	401.559
KPN_00190	841.803
KPN_00191	244.804
KPN_00192	349.256
KPN_00193	190.489
KPN_00194	381.133
KPN_00195	282.561
KPN_00196	144.685
KPN_00197	857.278
KPN_00198	244.494
KPN_00199	536.031
KPN_00200	91.453
KPN_00201	247.434
KPN_00202	65.456
KPN_00203	54.779
KPN_00204	132.46
KPN_00205	101.821
KPN_00206	174.86
KPN_00207	153.97
KPN_00208	431.115
KPN_00209	164.183
KPN_00210	102.131
KPN_00211	207.356
KPN_00212	157.683
KPN_00213	251.922
KPN_00214	148.089
KPN_00221	134.472
KPN_00222	219.581
KPN_00223	165.266
KPN_00224	196.679
KPN_00225	191.417
KPN_00226	495.333
KPN_00227	141.435
KPN_00228	160.159
KPN_00229	112.808
KPN_00230	177.336
KPN_00232	206.892
KPN_00233	90.525
KPN_00234	184.763
KPN_00235	604.582
KPN_00236	144.994
KPN_00237	191.417
KPN_00238	185.847
KPN_00239	256.1
KPN_00240	198.69
KPN_00241	65.921
KPN_00242	112.189
KPN_00243	104.297
KPN_00244	263.992
KPN_00245	42.245
KPN_00246	123.64
KPN_00247	212.308
KPN_00248	81.085
KPN_00249	338.733
KPN_00250	114.974
KPN_00251	304.071
KPN_00252	101.666
KPN_00253	164.956
KPN_00254	325.116
KPN_00255	312.581
KPN_00256	355.6
KPN_00257	308.713
KPN_00258	246.042
KPN_00259	63.754
KPN_00260	176.872
KPN_00261	54.779
KPN_00262	86.501
KPN_00263	160.624
KPN_00264	313.819
KPN_00265	91.299
KPN_00266	63.445
KPN_00267	18.26
KPN_00268	181.823
KPN_00269	75.205
KPN_00270	43.019
KPN_00271	56.481
KPN_00272	98.881
KPN_00273	118.688
KPN_00274	47.351
KPN_00275	61.278
KPN_00276	84.954
KPN_00277	302.214
KPN_00278	139.114
KPN_00280	304.225
KPN_00281	270.646
KPN_00282	154.898
KPN_00283	112.653
KPN_00284	40.543
KPN_00285	23.057
KPN_00286	109.713
KPN_00287	108.32
KPN_00288	107.082
KPN_00289	15.784
KPN_00290	83.252
KPN_00291	144.375
KPN_00292	97.334
KPN_00293	327.282
KPN_00294	226.389
KPN_00295	121.938
KPN_00296	144.375
KPN_00297	181.978
KPN_00298	203.333
KPN_00299	200.857
KPN_00300	42.09
KPN_00301	96.869
KPN_00302	99.345
KPN_00303	132.924
KPN_00304	152.267
KPN_00305	141.745
KPN_00306	113.582
KPN_00307	237.84
KPN_00308	183.061
KPN_00309	343.375
KPN_00310	226.08
KPN_00311	236.138
KPN_00312	170.991
KPN_00313	152.422
KPN_00314	206.892
KPN_00315	246.197
KPN_00316	236.912
KPN_00317	193.12
KPN_00318	105.535
KPN_00319	251.303
KPN_00320	207.046
KPN_00321	66.23
KPN_00322	36.674
KPN_00323	277.764
KPN_00324	112.344
KPN_00325	177.181
KPN_00326	66.694
KPN_00327	351.577
KPN_00328	74.277
KPN_00329	203.952
KPN_00330	88.668
KPN_00331	170.682
KPN_00332	135.555
KPN_00333	47.661
KPN_00334	168.206
KPN_00335	82.633
KPN_00336	221.128
KPN_00337	231.651
KPN_00338	575.026
KPN_00339	213.7
KPN_00340	168.206
KPN_00341	285.192
KPN_00342	318.462
KPN_00343	299.583
KPN_00344	259.04
KPN_00345	128.437
KPN_00346	108.011
KPN_00347	81.859
KPN_00348	284.882
KPN_00349	129.675
KPN_00350	157.219
KPN_00351	265.23
KPN_00352	69.789
KPN_00353	106.463
KPN_00354	165.111
KPN_00355	91.144
KPN_00356	192.965
KPN_00357	279.312
KPN_00358	113.117
KPN_00359	453.862
KPN_00360	243.411
KPN_00361	50.446
KPN_00362	108.475
KPN_00363	222.985
KPN_00364	102.131
KPN_00365	109.868
KPN_00366	265.075
KPN_00367	153.041
KPN_00368	161.397
KPN_00369	238.305
KPN_00370	115.129
KPN_00371	224.223
KPN_00372	456.647
KPN_00373	217.879
KPN_00374	60.35
KPN_00375	358.85
KPN_00376	86.501
KPN_00377	102.75
KPN_00378	161.242
KPN_00379	133.698
KPN_00380	224.378
KPN_00381	176.098
KPN_00382	177.336
KPN_00383	105.535
KPN_00384	218.033
KPN_00385	41.162
KPN_00386	221.438
KPN_00387	109.558
KPN_00388	183.061
KPN_00389	78.145
KPN_00390	226.389
KPN_00391	84.954
KPN_00392	153.815
KPN_00393	498.738
KPN_00394	231.496
KPN_00395	308.713
KPN_00396	135.246
KPN_00397	80.621
KPN_00398	629.96
KPN_00399	298.036
KPN_00400	429.722
KPN_00401	703.618
KPN_00402	167.742
KPN_00403	471.657
KPN_00404	63.754
KPN_00405	97.488
KPN_00406	172.848
KPN_00407	414.867
KPN_00408	193.12
KPN_00409	154.743
KPN_00410	80.776
KPN_00411	321.402
KPN_00412	290.763
KPN_00413	67.313
KPN_00414	252.386
KPN_00415	191.417
KPN_00416	121.473
KPN_00417	73.194
KPN_00418	99.345
KPN_00419	65.302
KPN_00420	53.696
KPN_00421	229.948
KPN_00422	93.155
KPN_00423	128.282
KPN_00424	80.931
KPN_00425	293.084
KPN_00426	168.67
KPN_00427	298.19
KPN_00428	195.131
KPN_00429	120.854
KPN_00430	173.622
KPN_00431	278.383
KPN_00432	40.233
KPN_00433	173.931
KPN_00434	217.105
KPN_00435	67.004
KPN_00436	36.674
KPN_00437	172.693
KPN_00438	350.029
KPN_00439	115.438
KPN_00440	140.816
KPN_00441	62.516
KPN_00442	99.655
KPN_00443	875.537
KPN_00444	315.831
KPN_00445	146.697
KPN_00446	630.424
KPN_00447	203.333
KPN_00448	31.877
KPN_00449	97.024
KPN_00450	91.453
KPN_00451	136.484
KPN_00452	469.646
KPN_00453	100.583
KPN_00454	150.101
KPN_00455	462.528
KPN_00456	162.945
KPN_00458	310.26
KPN_00459	350.184
KPN_00460	207.665
KPN_00461	361.171
KPN_00462	114.974
KPN_00463	175.479
KPN_00464	627.793
KPN_00465	93.62
KPN_00466	111.106
KPN_00467	223.449
KPN_00468	135.555
KPN_00469	166.968
KPN_00470	209.213
KPN_00471	197.452
KPN_00472	144.685
KPN_00473	133.698
KPN_00474	408.058
KPN_00475	181.978
KPN_00476	174.86
KPN_00477	262.599
KPN_00478	127.508
KPN_00479	47.661
KPN_00480	130.294
KPN_00481	190.953
KPN_00482	347.089
KPN_00483	54.47
KPN_00484	221.592
KPN_00485	28.782
KPN_00487	43.173
KPN_00488	99.5
KPN_00489	321.092
KPN_00490	82.169
KPN_00491	82.633
KPN_00492	90.37
KPN_00493	314.903
KPN_00494	131.532
KPN_00495	211.379
KPN_00496	222.521
KPN_00497	70.099
KPN_00498	249.91
KPN_00499	177.8
KPN_00500	283.799
KPN_00501	185.228
KPN_00502	248.053
KPN_00503	100.119
KPN_00504	116.831
KPN_00505	148.863
KPN_00506	135.246
KPN_00507	136.793
KPN_00508	143.756
KPN_00509	157.374
KPN_00510	247.899
KPN_00511	162.48
KPN_00512	209.368
KPN_00513	185.692
KPN_00514	176.253
KPN_00515	191.417
KPN_00516	116.212
KPN_00517	220.509
KPN_00518	195.131
KPN_00519	260.433
KPN_00520	275.288
KPN_00521	97.179
KPN_00522	15.784
KPN_00523	255.791
KPN_00524	181.05
KPN_00525	232.27
KPN_00526	103.523
KPN_00527	229.948
KPN_00528	153.815
KPN_00529	113.736
KPN_00530	226.389
KPN_00531	98.107
KPN_00532	210.296
KPN_00533	52.148
KPN_00534	181.359
KPN_00535	363.182
KPN_00536	427.556
KPN_00537	280.55
KPN_00538	153.351
KPN_00539	133.079
KPN_00540	156.136
KPN_00541	56.327
KPN_00542	209.987
KPN_00543	302.987
KPN_00544	211.689
KPN_00545	218.188
KPN_00546	481.716
KPN_00547	128.746
KPN_00548	138.031
KPN_00549	112.189
KPN_00550	93.31
KPN_00551	58.957
KPN_00552	61.588
KPN_00553	164.028
KPN_00554	61.588
KPN_00555	139.578
KPN_00556	80.466
KPN_00557	53.696
KPN_00558	15.629
KPN_00559	669.729
KPN_00560	220.509
KPN_00561	576.573
KPN_00562	160.314
KPN_00563	267.242
KPN_00564	213.236
KPN_00565	119.771
KPN_00566	112.498
KPN_00567	130.449
KPN_00568	130.139
KPN_00569	165.111
KPN_00570	182.133
KPN_00571	203.642
KPN_00572	100.583
KPN_00573	80.466
KPN_00574	84.49
KPN_00575	97.488
KPN_00576	93.001
KPN_00577	168.051
KPN_00578	121.164
KPN_00579	183.216
KPN_00580	198.226
KPN_00581	171.61
KPN_00582	380.978
KPN_00583	124.723
KPN_00584	381.133
KPN_00585	356.064
KPN_00586	143.911
KPN_00587	397.845
KPN_00588	252.541
KPN_00589	129.83
KPN_00590	114.355
KPN_00591	181.669
KPN_00592	169.753
KPN_00593	115.438
KPN_00594	101.202
KPN_00595	118.998
KPN_00596	115.284
KPN_00597	131.222
KPN_00598	185.537
KPN_00599	73.967
KPN_00600	107.701
KPN_00601	161.088
KPN_00602	548.72
KPN_00603	276.526
KPN_00604	47.97
KPN_00605	953.528
KPN_00606	193.12
KPN_00607	144.53
KPN_00608	244.34
KPN_00609	294.786
KPN_00610	182.288
KPN_00611	286.12
KPN_00612	390.417
KPN_00613	207.046
KPN_00614	182.752
KPN_00615	99.964
KPN_00616	521.175
KPN_00617	47.661
KPN_00618	97.798
KPN_00619	57.1
KPN_00620	180.74
KPN_00621	244.959
KPN_00622	291.536
KPN_00623	196.679
KPN_00624	261.361
KPN_00625	291.846
KPN_00626	294.167
KPN_00627	213.236
KPN_00628	182.288
KPN_00629	177.491
KPN_00630	108.166
KPN_00631	186.311
KPN_00632	153.66
KPN_00633	160.933
KPN_00634	146.232
KPN_00635	268.48
KPN_00636	212.153
KPN_00637	197.452
KPN_00638	210.451
KPN_00639	239.233
KPN_00640	359.623
KPN_00641	243.411
KPN_00642	392.738
KPN_00643	135.865
KPN_00644	165.885
KPN_00645	220.045
KPN_00646	100.428
KPN_00647	194.977
KPN_00648	137.722
KPN_00649	106.463
KPN_00650	432.198
KPN_00651	387.322
KPN_00652	105.225
KPN_00653	103.059
KPN_00654	223.604
KPN_00655	141.745
KPN_00656	1649.718
KPN_00657	76.907
KPN_00658	140.352
KPN_00659	53.386
KPN_00660	294.476
KPN_00661	159.076
KPN_00662	129.211
KPN_00663	111.725
KPN_00664	299.119
KPN_00665	281.787
KPN_00666	216.176
KPN_00667	401.559
KPN_00668	115.129
KPN_00669	78.3
KPN_00670	107.701
KPN_00671	132.46
KPN_00672	230.567
KPN_00673	178.883
KPN_00674	743.851
KPN_00675	120.081
KPN_00676	286.585
KPN_00677	233.662
KPN_00678	177.645
KPN_00679	165.885
KPN_00680	183.526
KPN_00681	241.09
KPN_00682	293.703
KPN_00683	282.406
KPN_00684	116.831
KPN_00685	257.183
KPN_00686	330.532
KPN_00687	249.446
KPN_00695	410.534
KPN_00696	179.502
KPN_00697	277.145
KPN_00698	277.609
KPN_00699	197.917
KPN_00700	481.561
KPN_00701	416.878
KPN_00702	39.769
KPN_00703	267.087
KPN_00704	54.005
KPN_00705	95.631
KPN_00706	183.061
KPN_00707	135.246
KPN_00708	71.337
KPN_00709	149.946
KPN_00710	146.078
KPN_00711	540.518
KPN_00712	88.977
KPN_00713	150.256
KPN_00714	378.347
KPN_00715	82.323
KPN_00716	256.41
KPN_00717	209.368
KPN_00718	50.292
KPN_00719	255.017
KPN_00720	245.113
KPN_00721	178.728
KPN_00722	158.921
KPN_00723	227.473
KPN_00724	183.526
KPN_00725	153.041
KPN_00726	158.148
KPN_00727	343.84
KPN_00728	69.17
KPN_00729	87.12
KPN_00730	437.459
KPN_00731	178.574
KPN_00732	698.666
KPN_00733	306.701
KPN_00734	304.999
KPN_00735	217.879
KPN_00736	392.893
KPN_00737	285.811
KPN_00738	29.711
KPN_00739	72.575
KPN_00740	101.666
KPN_00741	172.384
KPN_00742	109.403
KPN_00743	326.044
KPN_00744	507.867
KPN_00745	324.497
KPN_00746	295.25
KPN_00754	218.343
KPN_00755	162.79
KPN_00756	187.394
KPN_00757	90.525
KPN_00758	304.225
KPN_00759	78.764
KPN_00760	66.54
KPN_00761	102.131
KPN_00762	106.309
KPN_00763	110.487
KPN_00764	154.434
KPN_00765	219.426
KPN_00766	158.302
KPN_00767	84.026
KPN_00768	460.671
KPN_00769	15.32
KPN_00770	179.657
KPN_00771	234.281
KPN_00772	250.375
KPN_00773	250.22
KPN_00774	308.558
KPN_00775	133.853
KPN_00776	36.365
KPN_00777	135.246
KPN_00778	108.32
KPN_00779	157.529
KPN_00780	163.409
KPN_00781	268.17
KPN_00782	298.19
KPN_00783	183.99
KPN_00784	132.924
KPN_00785	123.021
KPN_00786	655.492
KPN_00787	230.877
KPN_00788	23.83
KPN_00789	105.071
KPN_00790	661.682
KPN_00791	313.355
KPN_00792	170.837
KPN_00793	133.389
KPN_00794	139.578
KPN_00795	231.805
KPN_00796	214.474
KPN_00797	175.169
KPN_00798	109.403
KPN_00799	315.831
KPN_00800	250.065
KPN_00801	257.648
KPN_00802	136.948
KPN_00803	153.97
KPN_00804	496.881
KPN_00805	19.962
KPN_00806	165.421
KPN_00807	113.272
KPN_00808	250.684
KPN_00809	213.236
KPN_00810	243.566
KPN_00811	119.771
KPN_00812	117.141
KPN_00813	47.661
KPN_00814	104.142
KPN_00815	176.872
KPN_00816	214.784
KPN_00817	298.964
KPN_00818	180.431
KPN_00819	108.32
KPN_00820	237.686
KPN_00821	211.225
KPN_00822	421.211
KPN_00823	241.554
KPN_00824	159.231
KPN_00825	137.412
KPN_00826	178.264
KPN_00827	103.214
KPN_00828	122.092
KPN_00829	146.232
KPN_00830	331.46
KPN_00831	395.679
KPN_00832	171.146
KPN_00833	63.135
KPN_00834	44.102
KPN_00835	140.352
KPN_00836	144.994
KPN_00837	336.102
KPN_00838	180.276
KPN_00839	163.409
KPN_00840	189.251
KPN_00841	137.876
KPN_00842	149.482
KPN_00843	724.663
KPN_00844	390.572
KPN_00845	104.606
KPN_00846	248.982
KPN_00847	208.903
KPN_00848	116.522
KPN_00849	226.08
KPN_00850	183.216
KPN_00851	389.334
KPN_00852	393.976
KPN_00853	174.705
KPN_00854	166.504
KPN_00855	179.966
KPN_00856	164.492
KPN_00857	315.522
KPN_00858	112.034
KPN_00859	168.206
KPN_00860	297.417
KPN_00861	229.33
KPN_00862	383.918
KPN_00863	379.43
KPN_00864	216.176
KPN_00865	176.253
KPN_00866	292.774
KPN_00867	161.552
KPN_00868	105.844
KPN_00869	267.861
KPN_00870	131.996
KPN_00871	296.333
KPN_00872	182.288
KPN_00873	145.149
KPN_00874	210.296
KPN_00875	196.214
KPN_00876	291.536
KPN_00877	135.865
KPN_00878	341.518
KPN_00879	76.288
KPN_00880	66.694
KPN_00881	50.446
KPN_00882	123.64
KPN_00883	133.698
KPN_00884	118.688
KPN_00885	274.979
KPN_00886	283.025
KPN_00887	212.927
KPN_00888	187.704
KPN_00889	116.367
KPN_00890	196.06
KPN_00891	156.755
KPN_00892	280.395
KPN_00893	180.895
KPN_00894	150.875
KPN_00895	133.234
KPN_00896	185.692
KPN_00897	172.848
KPN_00898	126.116
KPN_00899	226.854
KPN_00900	172.848
KPN_00901	238.459
KPN_00902	318.771
KPN_00903	249.756
KPN_00904	425.234
KPN_00905	70.408
KPN_00906	131.532
KPN_00907	236.912
KPN_00908	147.47
KPN_00909	140.507
KPN_00910	343.84
KPN_00911	268.48
KPN_00912	428.794
KPN_00913	58.802
KPN_00914	97.798
KPN_00915	681.489
KPN_00916	58.957
KPN_00917	162.016
KPN_00918	404.035
KPN_00919	362.409
KPN_00920	251.303
KPN_00921	230.258
KPN_00922	1045.91
KPN_00923	153.97
KPN_00924	328.21
KPN_00925	510.034
KPN_00926	601.642
KPN_00927	150.101
KPN_00928	207.201
KPN_00929	246.197
KPN_00930	184.918
KPN_00931	570.229
KPN_00932	205.035
KPN_00933	394.75
KPN_00934	122.092
KPN_00935	369.527
KPN_00936	317.069
KPN_00937	169.289
KPN_00938	2389.081
KPN_00939	193.12
KPN_00940	302.214
KPN_00941	428.175
KPN_00942	225.616
KPN_00943	196.524
KPN_00944	38.067
KPN_00945	186.311
KPN_00946	218.343
KPN_00947	187.239
KPN_00948	198.381
KPN_00949	285.347
KPN_00950	159.231
KPN_00951	1086.607
KPN_00952	427.246
KPN_00953	167.123
KPN_00954	164.337
KPN_00955	325.116
KPN_00956	232.424
KPN_00957	12.379
KPN_00958	245.887
KPN_00959	396.607
KPN_00960	189.715
KPN_00961	459.587
KPN_00962	68.706
KPN_00963	149.173
KPN_00964	176.562
KPN_00965	172.384
KPN_00966	179.193
KPN_00967	300.357
KPN_00968	641.875
KPN_00969	112.808
KPN_00970	107.701
KPN_00971	148.863
KPN_00972	127.508
KPN_00973	78.764
KPN_00974	252.077
KPN_00975	138.495
KPN_00976	262.29
KPN_00977	426.937
KPN_00978	464.539
KPN_00979	258.731
KPN_00980	402.023
KPN_00981	137.722
KPN_00982	78.3
KPN_00983	173.622
KPN_00984	422.14
KPN_00985	113.272
KPN_00986	3770.939
KPN_00987	126.271
KPN_00988	110.177
KPN_00989	342.756
KPN_00990	92.536
KPN_00991	455.255
KPN_00992	116.831
KPN_00993	102.44
KPN_00994	2914.899
KPN_00995	351.577
KPN_00996	525.353
KPN_00997	299.583
KPN_00998	753.6
KPN_00999	205.654
KPN_01000	79.848
KPN_01001	175.634
KPN_01002	74.741
KPN_01003	122.711
KPN_01004	69.015
KPN_01005	78.145
KPN_01006	166.968
KPN_01007	393.667
KPN_01009	14.855
KPN_01010	203.333
KPN_01011	181.05
KPN_01012	347.708
KPN_01013	271.265
KPN_01014	171.92
KPN_01015	151.029
KPN_01016	186.311
KPN_01017	183.68
KPN_01018	201.321
KPN_01019	119.617
KPN_01020	175.788
KPN_01021	294.012
KPN_01022	208.439
KPN_01023	18.105
KPN_01024	42.709
KPN_01025	105.38
KPN_01026	90.37
KPN_01027	313.355
KPN_01028	56.946
KPN_01029	152.732
KPN_01030	41.316
KPN_01031	127.973
KPN_01032	165.575
KPN_01033	60.195
KPN_01034	90.989
KPN_01035	105.225
KPN_01036	48.589
KPN_01037	88.358
KPN_01038	135.71
KPN_01039	154.743
KPN_01040	93.31
KPN_01041	971.942
KPN_01042	365.039
KPN_01043	97.334
KPN_01044	255.945
KPN_01045	201.63
KPN_01046	279.931
KPN_01047	313.819
KPN_01048	195.595
KPN_01050	124.878
KPN_01051	167.587
KPN_01052	102.75
KPN_01053	67.468
KPN_01054	106.309
KPN_01056	218.652
KPN_01057	179.347
KPN_01058	135.246
KPN_01059	78.455
KPN_01060	124.723
KPN_01061	144.066
KPN_01062	215.093
KPN_01063	484.346
KPN_01064	631.971
KPN_01065	56.172
KPN_01066	90.68
KPN_01067	161.242
KPN_01068	224.068
KPN_01069	245.268
KPN_01070	27.544
KPN_01071	273.741
KPN_01072	72.265
KPN_01073	60.969
KPN_01074	253.624
KPN_01075	135.71
KPN_01076	192.81
KPN_01077	143.911
KPN_01078	162.171
KPN_01079	221.902
KPN_01080	238.459
KPN_01081	163.099
KPN_01082	143.447
KPN_01083	810.39
KPN_01084	203.487
KPN_01085	130.294
KPN_01086	367.36
KPN_01087	87.43
KPN_01088	292.155
KPN_01089	237.84
KPN_01090	232.27
KPN_01091	373.55
KPN_01092	677.93
KPN_01093	408.058
KPN_01094	148.089
KPN_01095	228.711
KPN_01096	154.589
KPN_01097	191.882
KPN_01098	192.346
KPN_01099	359.314
KPN_01100	89.596
KPN_01101	93.62
KPN_01102	158.921
KPN_01103	159.076
KPN_01104	245.732
KPN_01105	149.946
KPN_01106	320.319
KPN_01107	128.127
KPN_01108	536.959
KPN_01109	139.269
KPN_01110	63.29
KPN_01111	231.805
KPN_01112	742.768
KPN_01113	281.942
KPN_01114	161.861
KPN_01115	290.763
KPN_01116	197.143
KPN_01117	176.098
KPN_01118	72.884
KPN_01119	235.829
KPN_01120	142.673
KPN_01121	170.991
KPN_01122	236.602
KPN_01123	131.068
KPN_01124	45.804
KPN_01125	56.017
KPN_01126	123.176
KPN_01127	508.796
KPN_01128	310.879
KPN_01129	254.862
KPN_01130	132.615
KPN_01131	149.946
KPN_01132	218.652
KPN_01133	314.438
KPN_01134	284.109
KPN_01135	366.432
KPN_01136	169.908
KPN_01137	134.317
KPN_01138	72.884
KPN_01139	347.708
KPN_01140	158.612
KPN_01141	293.084
KPN_01142	109.713
KPN_01143	149.327
KPN_01144	849.54
KPN_01145	171.61
KPN_01146	51.065
KPN_01147	42.245
KPN_01148	163.564
KPN_01149	44.411
KPN_01150	93.465
KPN_01151	108.939
KPN_01152	212.462
KPN_01153	289.06
KPN_01154	222.057
KPN_01155	28.163
KPN_01156	13.617
KPN_01157	110.641
KPN_01158	26.152
KPN_01159	168.051
KPN_01160	40.079
KPN_01161	210.915
KPN_01162	128.437
KPN_01163	287.977
KPN_01164	289.834
KPN_01165	239.388
KPN_01166	19.652
KPN_01167	227.163
KPN_01168	157.683
KPN_01169	67.159
KPN_01170	10.987
KPN_01171	24.759
KPN_01172	247.744
KPN_01173	56.791
KPN_01174	81.704
KPN_01175	116.367
KPN_01176	157.838
KPN_01177	153.815
KPN_01178	71.646
KPN_01179	121.319
KPN_01180	247.744
KPN_01181	56.172
KPN_01182	308.713
KPN_01183	58.957
KPN_01184	168.051
KPN_01185	154.279
KPN_01186	108.166
KPN_01187	158.302
KPN_01188	162.945
KPN_01189	54.779
KPN_01190	75.669
KPN_01191	139.888
KPN_01192	316.605
KPN_01193	477.383
KPN_01194	208.903
KPN_01195	209.677
KPN_01196	218.343
KPN_01197	1497.451
KPN_01198	103.368
KPN_01199	69.944
KPN_01200	86.037
KPN_01201	257.183
KPN_01202	153.815
KPN_01203	246.042
KPN_01204	440.709
KPN_01205	135.555
KPN_01206	185.228
KPN_01207	253.005
KPN_01208	435.602
KPN_01209	239.078
KPN_01210	337.34
KPN_01211	72.729
KPN_01212	103.368
KPN_01213	274.669
KPN_01214	102.904
KPN_01215	199.928
KPN_01216	159.85
KPN_01217	77.836
KPN_01218	92.072
KPN_01219	92.846
KPN_01220	196.214
KPN_01221	298.036
KPN_01222	253.16
KPN_01223	360.861
KPN_01224	323.878
KPN_01225	236.602
KPN_01226	117.605
KPN_01227	177.955
KPN_01228	204.88
KPN_01229	142.519
KPN_01230	68.861
KPN_01231	192.501
KPN_01232	53.386
KPN_01233	138.34
KPN_01234	191.417
KPN_01235	116.057
KPN_01236	555.064
KPN_01237	79.383
KPN_01238	339.197
KPN_01239	113.891
KPN_01240	115.593
KPN_01241	144.375
KPN_01242	127.818
KPN_01243	84.49
KPN_01244	417.188
KPN_01245	131.687
KPN_01246	182.442
KPN_01247	75.824
KPN_01248	167.277
KPN_01249	163.409
KPN_01250	560.016
KPN_01251	147.161
KPN_01252	118.379
KPN_01253	199.464
KPN_01254	303.297
KPN_01255	337.959
KPN_01256	394.441
KPN_01257	384.537
KPN_01258	159.076
KPN_01259	156.755
KPN_01260	139.269
KPN_01261	55.553
KPN_01262	186.93
KPN_01263	66.23
KPN_01264	32.806
KPN_01265	224.997
KPN_01266	143.911
KPN_01267	193.584
KPN_01268	218.652
KPN_01269	68.861
KPN_01270	648.993
KPN_01271	240.316
KPN_01272	663.23
KPN_01273	149.018
KPN_01274	177.645
KPN_01275	77.372
KPN_01276	289.06
KPN_01277	120.236
KPN_01278	71.491
KPN_01279	35.591
KPN_01280	182.752
KPN_01281	41.781
KPN_01282	483.573
KPN_01283	285.037
KPN_01284	206.737
KPN_01285	82.169
KPN_01286	201.785
KPN_01287	161.242
KPN_01288	206.892
KPN_01289	168.206
KPN_01290	199.464
KPN_01291	405.582
KPN_01292	162.171
KPN_01293	426.008
KPN_01294	151.494
KPN_01295	189.096
KPN_01296	143.138
KPN_01297	167.432
KPN_01298	51.994
KPN_01299	83.561
KPN_01300	41.316
KPN_01301	336.567
KPN_01302	253.934
KPN_01303	182.907
KPN_01304	192.036
KPN_01305	305.927
KPN_01306	202.404
KPN_01308	201.321
KPN_01309	161.707
KPN_01310	400.476
KPN_01311	73.813
KPN_01312	120.7
KPN_01313	139.888
KPN_01314	156.755
KPN_01315	161.242
KPN_01316	9.13
KPN_01317	66.694
KPN_01318	203.487
KPN_01319	100.428
KPN_01320	248.053
KPN_01321	132.77
KPN_01322	64.683
KPN_01323	198.226
KPN_01324	168.515
KPN_01325	85.264
KPN_01326	207.356
KPN_01327	62.516
KPN_01328	327.591
KPN_01329	315.522
KPN_01330	149.482
KPN_01331	46.423
KPN_01332	11.451
KPN_01333	30.02
KPN_01334	241.399
KPN_01335	31.877
KPN_01336	93.774
KPN_01337	60.35
KPN_01338	102.131
KPN_01339	49.673
KPN_01340	15.784
KPN_01341	162.945
KPN_01342	456.802
KPN_01343	209.987
KPN_01344	140.043
KPN_01345	63.29
KPN_01346	149.482
KPN_01347	226.389
KPN_01348	6.654
KPN_01349	49.208
KPN_01350	111.725
KPN_01351	141.435
KPN_01352	103.833
KPN_01353	167.896
KPN_01354	129.211
KPN_01355	150.875
KPN_01356	128.901
KPN_01357	140.971
KPN_01358	151.029
KPN_01359	95.477
KPN_01360	132.924
KPN_01361	148.399
KPN_01362	107.547
KPN_01363	132.615
KPN_01364	82.478
KPN_01365	157.683
KPN_01366	82.478
KPN_01367	75.36
KPN_01368	178.574
KPN_01369	105.69
KPN_01370	49.518
KPN_01371	238.614
KPN_01372	150.256
KPN_01373	239.078
KPN_01374	300.976
KPN_01375	227.782
KPN_01376	148.708
KPN_01377	24.759
KPN_01378	29.865
KPN_01379	36.519
KPN_01380	71.491
KPN_01381	24.295
KPN_01382	121.473
KPN_01383	380.668
KPN_01384	43.019
KPN_01385	36.829
KPN_01386	19.962
KPN_01387	106.618
KPN_01388	54.315
KPN_01389	93.929
KPN_01390	107.701
KPN_01391	90.834
KPN_01392	22.593
KPN_01393	29.246
KPN_01394	30.33
KPN_01395	224.842
KPN_01396	52.767
KPN_01397	14.546
KPN_01398	26.616
KPN_01399	70.408
KPN_01400	40.543
KPN_01401	90.989
KPN_01402	45.34
KPN_01403	46.887
KPN_01404	32.496
KPN_01405	77.372
KPN_01406	21.045
KPN_01407	20.581
KPN_01408	62.207
KPN_01409	45.495
KPN_01410	17.022
KPN_01411	58.957
KPN_01412	121.009
KPN_01413	158.457
KPN_01414	173.312
KPN_01415	123.485
KPN_01416	92.536
KPN_01417	93.929
KPN_01418	42.4
KPN_01419	25.997
KPN_01420	49.208
KPN_01421	34.198
KPN_01422	44.566
KPN_01423	66.075
KPN_01424	46.423
KPN_01425	112.189
KPN_01426	58.493
KPN_01427	42.554
KPN_01428	380.514
KPN_01429	40.079
KPN_01430	56.327
KPN_01431	57.719
KPN_01432	374.633
KPN_01433	319.235
KPN_01434	102.904
KPN_01435	20.117
KPN_01436	32.651
KPN_01437	49.518
KPN_01438	50.911
KPN_01439	132.46
KPN_01440	167.587
KPN_01441	58.648
KPN_01442	78.3
KPN_01443	81.704
KPN_01444	106.154
KPN_01445	148.399
KPN_01446	551.195
KPN_01447	61.124
KPN_01448	82.014
KPN_01449	245.113
KPN_01450	119.926
KPN_01451	411.462
KPN_01452	33.27
KPN_01453	65.147
KPN_01454	217.414
KPN_01455	371.384
KPN_01456	213.855
KPN_01457	88.358
KPN_01458	99.345
KPN_01459	104.297
KPN_01460	181.823
KPN_01461	107.547
KPN_01462	152.886
KPN_01463	51.839
KPN_01464	139.269
KPN_01465	98.881
KPN_01466	235.829
KPN_01467	514.057
KPN_01468	504.618
KPN_01469	227.318
KPN_01470	69.634
KPN_01471	181.514
KPN_01472	117.141
KPN_01473	260.278
KPN_01474	185.228
KPN_01475	190.953
KPN_01476	348.172
KPN_01477	100.119
KPN_01478	292.62
KPN_01479	325.58
KPN_01480	213.546
KPN_01481	146.232
KPN_01482	99.964
KPN_01483	147.47
KPN_01484	958.016
KPN_01485	164.492
KPN_01486	214.165
KPN_01487	173.777
KPN_01488	256.719
KPN_01489	83.252
KPN_01490	148.399
KPN_01491	141.59
KPN_01492	315.367
KPN_01493	226.699
KPN_01494	166.194
KPN_01496	215.712
KPN_01497	148.089
KPN_01498	207.975
KPN_01499	202.714
KPN_01500	145.459
KPN_01501	303.761
KPN_01502	245.268
KPN_01503	38.222
KPN_01504	96.096
KPN_01505	58.183
KPN_01506	291.846
KPN_01507	70.872
KPN_01508	93.001
KPN_01509	50.446
KPN_01510	155.053
KPN_01511	169.444
KPN_01512	284.728
KPN_01513	238.15
KPN_01514	386.084
KPN_01515	289.989
KPN_01516	407.748
KPN_01517	342.292
KPN_01518	148.863
KPN_01519	281.014
KPN_01520	54.47
KPN_01521	159.386
KPN_01522	65.147
KPN_01523	171.456
KPN_01524	193.584
KPN_01525	240.626
KPN_01526	387.477
KPN_01527	347.708
KPN_01528	48.899
KPN_01529	238.459
KPN_01530	142.209
KPN_01531	83.561
KPN_01532	372.777
KPN_01533	237.376
KPN_01534	210.141
KPN_01535	126.116
KPN_01536	136.793
KPN_01537	195.441
KPN_01538	166.658
KPN_01539	158.921
KPN_01540	288.287
KPN_01541	329.603
KPN_01542	183.835
KPN_01543	93.774
KPN_01544	194.977
KPN_01545	50.292
KPN_01546	230.413
KPN_01547	198.381
KPN_01548	372.467
KPN_01549	154.898
KPN_01550	128.437
KPN_01551	275.598
KPN_01552	48.899
KPN_01553	231.186
KPN_01554	381.906
KPN_01555	47.042
KPN_01556	147.47
KPN_01557	190.644
KPN_01558	144.221
KPN_01559	91.299
KPN_01560	99.036
KPN_01561	109.558
KPN_01562	104.297
KPN_01563	223.913
KPN_01564	182.442
KPN_01565	90.061
KPN_01566	82.014
KPN_01567	199.464
KPN_01568	19.343
KPN_01569	77.526
KPN_01570	364.266
KPN_01571	15.32
KPN_01572	304.689
KPN_01573	158.921
KPN_01574	237.067
KPN_01575	172.693
KPN_01576	254.088
KPN_01577	105.38
KPN_01578	136.793
KPN_01579	124.568
KPN_01580	392.584
KPN_01581	67.159
KPN_01582	166.658
KPN_01583	136.329
KPN_01584	103.368
KPN_01585	47.506
KPN_01586	189.251
KPN_01587	217.105
KPN_01588	103.678
KPN_01589	168.67
KPN_01590	185.692
KPN_01591	503.999
KPN_01592	59.112
KPN_01593	205.654
KPN_01594	156.291
KPN_01595	95.167
KPN_01596	118.688
KPN_01597	125.033
KPN_01598	297.881
KPN_01599	76.753
KPN_01600	166.349
KPN_01601	190.798
KPN_01602	127.663
KPN_01603	80.621
KPN_01604	160.933
KPN_01605	112.344
KPN_01606	102.44
KPN_01607	122.711
KPN_01608	50.292
KPN_01609	192.346
KPN_01610	394.75
KPN_01611	146.697
KPN_01612	34.972
KPN_01613	47.042
KPN_01614	223.449
KPN_01615	170.837
KPN_01616	152.886
KPN_01617	196.524
KPN_01618	135.091
KPN_01619	99.036
KPN_01620	54.315
KPN_01621	206.428
KPN_01622	140.352
KPN_01623	48.125
KPN_01624	89.906
KPN_01625	101.047
KPN_01626	12.07
KPN_01627	117.141
KPN_01628	185.537
KPN_01629	190.025
KPN_01630	22.902
KPN_01631	17.022
KPN_01632	167.587
KPN_01633	69.325
KPN_01634	158.612
KPN_01635	244.03
KPN_01636	162.016
KPN_01637	55.708
KPN_01638	346.006
KPN_01639	76.753
KPN_01640	213.391
KPN_01641	24.449
KPN_01642	21.819
KPN_01643	108.32
KPN_01644	70.563
KPN_01645	52.922
KPN_01646	151.958
KPN_01647	70.718
KPN_01648	292.31
KPN_01649	69.015
KPN_01650	154.589
KPN_01651	177.181
KPN_01652	114.51
KPN_01653	114.51
KPN_01654	130.449
KPN_01655	147.161
KPN_01656	41.471
KPN_01657	46.887
KPN_01658	103.833
KPN_01659	184.609
KPN_01660	161.088
KPN_01661	127.818
KPN_01662	128.746
KPN_01663	146.851
KPN_01664	178.728
KPN_01665	65.611
KPN_01666	46.113
KPN_01667	38.841
KPN_01668	182.907
KPN_01669	244.649
KPN_01670	127.818
KPN_01671	313.974
KPN_01672	83.252
KPN_01673	70.408
KPN_01674	156.291
KPN_01675	47.042
KPN_01676	59.421
KPN_01677	348.791
KPN_01678	226.08
KPN_01679	18.724
KPN_01680	73.348
KPN_01681	236.912
KPN_01682	194.977
KPN_01683	205.344
KPN_01684	170.372
KPN_01685	155.517
KPN_01686	19.498
KPN_01687	182.752
KPN_01688	176.098
KPN_01689	167.896
KPN_01690	194.048
KPN_01691	137.567
KPN_01692	210.76
KPN_01693	237.686
KPN_01694	171.146
KPN_01695	381.906
KPN_01696	371.693
KPN_01697	49.982
KPN_01698	176.098
KPN_01699	119.771
KPN_01700	81.395
KPN_01701	104.142
KPN_01702	101.047
KPN_01703	212.927
KPN_01704	128.437
KPN_01705	108.166
KPN_01706	31.568
KPN_01707	131.532
KPN_01708	43.792
KPN_01709	118.533
KPN_01710	122.247
KPN_01711	10.058
KPN_01712	14.236
KPN_01713	77.372
KPN_01714	36.519
KPN_01715	63.754
KPN_01716	156.755
KPN_01717	128.127
KPN_01718	118.379
KPN_01719	13.153
KPN_01720	91.453
KPN_01721	234.281
KPN_01722	334.864
KPN_01723	219.581
KPN_01724	201.63
KPN_01725	108.63
KPN_01726	55.398
KPN_01727	87.43
KPN_01728	115.903
KPN_01729	108.63
KPN_01730	115.284
KPN_01731	122.711
KPN_01732	93.155
KPN_01733	118.224
KPN_01734	131.532
KPN_01735	184.609
KPN_01736	98.881
KPN_01737	166.968
KPN_01738	176.562
KPN_01739	204.261
KPN_01740	124.414
KPN_01741	147.78
KPN_01742	38.531
KPN_01743	64.528
KPN_01744	84.954
KPN_01745	178.574
KPN_01746	33.889
KPN_01747	58.802
KPN_01748	217.569
KPN_01749	38.995
KPN_01750	165.266
KPN_01751	77.991
KPN_01752	114.355
KPN_01753	272.039
KPN_01754	217.724
KPN_01755	215.867
KPN_01756	344.149
KPN_01757	267.706
KPN_01758	123.176
KPN_01759	127.973
KPN_01760	123.949
KPN_01761	165.266
KPN_01762	165.266
KPN_01763	91.608
KPN_01764	81.395
KPN_01765	82.169
KPN_01766	100.274
KPN_01767	131.687
KPN_01768	199.464
KPN_01769	22.128
KPN_01770	174.396
KPN_01771	49.208
KPN_01772	56.017
KPN_01773	178.883
KPN_01774	73.348
KPN_01775	136.484
KPN_01776	202.404
KPN_01777	186.775
KPN_01778	72.42
KPN_01779	117.141
KPN_01780	123.33
KPN_01781	102.595
KPN_01782	90.061
KPN_01783	60.659
KPN_01784	75.205
KPN_01785	139.424
KPN_01786	102.904
KPN_01787	149.637
KPN_01788	131.996
KPN_01789	168.98
KPN_01790	195.905
KPN_01791	178.574
KPN_01792	78.764
KPN_01793	206.737
KPN_01794	311.808
KPN_01795	159.54
KPN_01796	158.612
KPN_01797	243.102
KPN_01798	148.708
KPN_01799	127.818
KPN_01800	113.117
KPN_01801	106.463
KPN_01802	341.983
KPN_01803	360.088
KPN_01804	131.841
KPN_01805	154.589
KPN_01806	183.061
KPN_01807	112.963
KPN_01808	130.913
KPN_01809	245.887
KPN_01810	212.308
KPN_01811	136.793
KPN_01812	190.179
KPN_01813	310.415
KPN_01814	181.823
KPN_01815	253.624
KPN_01816	62.516
KPN_01817	59.576
KPN_01818	156.755
KPN_01819	542.53
KPN_01820	239.543
KPN_01821	129.365
KPN_01822	255.945
KPN_01823	45.495
KPN_01824	214.629
KPN_01825	563.265
KPN_01826	193.584
KPN_01827	111.725
KPN_01828	23.211
KPN_01829	141.126
KPN_01830	198.226
KPN_01831	109.403
KPN_01832	35.281
KPN_01833	98.571
KPN_01834	77.681
KPN_01835	108.63
KPN_01836	14.855
KPN_01837	153.196
KPN_01838	271.729
KPN_01839	34.662
KPN_01840	73.658
KPN_01841	44.411
KPN_01842	223.295
KPN_01843	60.35
KPN_01844	138.65
KPN_01845	109.249
KPN_01846	39.924
KPN_01847	409.451
KPN_01848	88.204
KPN_01849	82.942
KPN_01850	247.28
KPN_01851	187.549
KPN_01852	78.61
KPN_01853	248.208
KPN_01854	206.737
KPN_01855	117.76
KPN_01856	106.154
KPN_01857	209.368
KPN_01858	123.795
KPN_01859	141.435
KPN_01860	166.813
KPN_01861	88.977
KPN_01862	200.857
KPN_01863	33.27
KPN_01864	47.506
KPN_01865	85.109
KPN_01866	114.51
KPN_01867	326.044
KPN_01868	121.473
KPN_01869	95.941
KPN_01870	126.425
KPN_01871	63.909
KPN_01872	175.479
KPN_01873	222.676
KPN_01874	69.015
KPN_01875	281.787
KPN_01876	217.724
KPN_01877	363.182
KPN_01878	135.865
KPN_01879	195.131
KPN_01880	919.794
KPN_01881	378.966
KPN_01882	168.515
KPN_01883	165.111
KPN_01884	153.815
KPN_01885	211.379
KPN_01886	121.783
KPN_01887	86.347
KPN_01888	139.269
KPN_01889	97.334
KPN_01890	189.096
KPN_01891	166.349
KPN_01892	205.654
KPN_01893	22.283
KPN_01894	34.198
KPN_01895	55.708
KPN_01896	111.725
KPN_01897	114.046
KPN_01898	105.999
KPN_01899	124.723
KPN_01900	65.147
KPN_01901	119.307
KPN_01902	137.722
KPN_01903	127.818
KPN_01904	76.598
KPN_01905	137.722
KPN_01906	351.422
KPN_01907	53.696
KPN_01908	259.659
KPN_01909	509.879
KPN_01910	252.386
KPN_01911	75.05
KPN_01912	229.639
KPN_01913	251.148
KPN_01914	88.977
KPN_01915	78.145
KPN_01916	81.704
KPN_01917	60.35
KPN_01918	397.845
KPN_01919	347.089
KPN_01920	125.652
KPN_01921	36.984
KPN_01922	59.576
KPN_01923	29.092
KPN_01924	354.053
KPN_01925	139.578
KPN_01926	151.184
KPN_01927	200.393
KPN_01928	281.478
KPN_01929	296.798
KPN_01930	194.203
KPN_01931	135.246
KPN_01932	15.784
KPN_01933	17.95
KPN_01934	361.79
KPN_01935	100.583
KPN_01936	152.886
KPN_01937	145.768
KPN_01938	131.068
KPN_01939	167.896
KPN_01940	128.592
KPN_01941	146.232
KPN_01942	211.07
KPN_01943	131.841
KPN_01944	399.547
KPN_01945	195.286
KPN_01946	314.284
KPN_01947	328.365
KPN_01948	127.973
KPN_01949	102.595
KPN_01950	224.223
KPN_01951	403.261
KPN_01952	264.456
KPN_01953	45.34
KPN_01954	127.818
KPN_01955	45.649
KPN_01956	83.407
KPN_01957	157.219
KPN_01958	250.529
KPN_01959	254.862
KPN_01960	23.366
KPN_01961	215.248
KPN_01962	57.564
KPN_01963	105.69
KPN_01964	142.828
KPN_01965	141.126
KPN_01966	400.011
KPN_01967	239.078
KPN_01968	147.006
KPN_01969	132.151
KPN_01970	148.089
KPN_01971	39.46
KPN_01972	359.004
KPN_01973	151.029
KPN_01974	174.396
KPN_01975	369.217
KPN_01976	162.635
KPN_01977	86.192
KPN_01978	261.671
KPN_01979	203.797
KPN_01980	186.156
KPN_01981	161.707
KPN_01982	39.614
KPN_01983	136.174
KPN_01984	460.206
KPN_01985	127.818
KPN_01986	222.057
KPN_01987	59.267
KPN_01988	141.745
KPN_01989	266.004
KPN_01990	107.547
KPN_01991	156.291
KPN_01992	139.733
KPN_01993	183.68
KPN_01994	145.613
KPN_01995	250.839
KPN_01996	256.874
KPN_01997	171.765
KPN_01998	302.368
KPN_01999	249.91
KPN_02000	156.91
KPN_02001	316.759
KPN_02002	42.245
KPN_02003	16.403
KPN_02004	140.816
KPN_02008	90.834
KPN_02009	137.412
KPN_02010	168.98
KPN_02011	68.397
KPN_02012	103.987
KPN_02013	38.222
KPN_02014	162.016
KPN_02015	150.256
KPN_02016	157.683
KPN_02017	65.456
KPN_02018	103.678
KPN_02019	266.623
KPN_02020	130.913
KPN_02021	129.056
KPN_02022	138.34
KPN_02023	139.269
KPN_02024	130.139
KPN_02025	114.974
KPN_02026	184.763
KPN_02027	132.151
KPN_02028	119.771
KPN_02029	107.237
KPN_02030	39.15
KPN_02031	124.414
KPN_02032	173.931
KPN_02033	117.295
KPN_02034	123.485
KPN_02035	114.665
KPN_02036	157.064
KPN_02037	60.505
KPN_02038	111.26
KPN_02039	125.187
KPN_02040	108.166
KPN_02041	120.545
KPN_02042	247.589
KPN_02043	56.791
KPN_02044	50.911
KPN_02045	39.305
KPN_02046	167.587
KPN_02047	115.903
KPN_02048	142.983
KPN_02049	29.401
KPN_02050	254.707
KPN_02051	36.829
KPN_02052	216.641
KPN_02053	104.297
KPN_02054	101.821
KPN_02055	171.765
KPN_02056	130.603
KPN_02057	122.402
KPN_02058	153.66
KPN_02059	166.813
KPN_02060	412.546
KPN_02061	192.191
KPN_02062	76.288
KPN_02063	64.373
KPN_02064	380.204
KPN_02065	41.626
KPN_02066	86.347
KPN_02067	127.199
KPN_02068	117.45
KPN_02069	123.795
KPN_02070	41.626
KPN_02071	47.197
KPN_02072	56.946
KPN_02073	108.011
KPN_02074	65.456
KPN_02075	79.848
KPN_02076	255.791
KPN_02077	61.743
KPN_02078	30.639
KPN_02079	98.417
KPN_02080	85.418
KPN_02081	87.12
KPN_02082	241.09
KPN_02083	310.879
KPN_02084	129.984
KPN_02085	88.513
KPN_02086	261.052
KPN_02087	430.496
KPN_02088	267.861
KPN_02089	262.909
KPN_02090	533.555
KPN_02091	281.478
KPN_02092	295.405
KPN_02093	98.571
KPN_02094	241.554
KPN_02095	69.634
KPN_02096	141.435
KPN_02097	136.019
KPN_02098	152.113
KPN_02099	182.133
KPN_02100	131.068
KPN_02101	140.662
KPN_02102	137.412
KPN_02103	141.126
KPN_02104	170.372
KPN_02105	308.094
KPN_02106	99.964
KPN_02107	125.187
KPN_02108	126.116
KPN_02109	117.45
KPN_02110	144.066
KPN_02111	136.638
KPN_02112	123.485
KPN_02113	76.288
KPN_02114	216.022
KPN_02115	126.425
KPN_02116	149.173
KPN_02117	129.984
KPN_02118	121.628
KPN_02119	102.131
KPN_02120	111.106
KPN_02121	119.152
KPN_02122	206.892
KPN_02123	119.462
KPN_02124	146.232
KPN_02125	131.532
KPN_02126	100.119
KPN_02127	101.976
KPN_02128	129.365
KPN_02129	203.178
KPN_02130	303.297
KPN_02131	133.698
KPN_02132	50.292
KPN_02133	556.612
KPN_02134	1660.859
KPN_02135	244.494
KPN_02136	102.595
KPN_02137	297.107
KPN_02138	311.808
KPN_02139	183.216
KPN_02140	367.36
KPN_02141	93.155
KPN_02142	30.794
KPN_02143	167.277
KPN_02144	420.747
KPN_02145	161.707
KPN_02146	128.437
KPN_02147	135.246
KPN_02148	139.888
KPN_02149	236.448
KPN_02150	169.908
KPN_02151	183.99
KPN_02152	256.41
KPN_02153	242.328
KPN_02154	11.296
KPN_02155	77.526
KPN_02156	87.585
KPN_02157	101.202
KPN_02158	749.576
KPN_02159	196.988
KPN_02160	593.131
KPN_02161	175.324
KPN_02162	254.088
KPN_02163	54.16
KPN_02164	352.041
KPN_02165	101.976
KPN_02166	181.669
KPN_02167	138.34
KPN_02168	195.75
KPN_02169	175.479
KPN_02170	347.863
KPN_02171	223.759
KPN_02172	307.32
KPN_02173	86.037
KPN_02174	230.722
KPN_02175	597.154
KPN_02176	245.887
KPN_02177	363.337
KPN_02178	175.479
KPN_02179	589.108
KPN_02180	877.704
KPN_02181	56.791
KPN_02182	158.148
KPN_02183	231.805
KPN_02184	69.944
KPN_02185	224.687
KPN_02186	185.382
KPN_02187	75.36
KPN_02188	97.334
KPN_02189	43.792
KPN_02190	299.119
KPN_02191	81.395
KPN_02192	134.627
KPN_02193	244.03
KPN_02194	246.197
KPN_02195	219.89
KPN_02196	223.759
KPN_02197	407.594
KPN_02198	109.249
KPN_02199	685.358
KPN_02200	125.497
KPN_02201	248.363
KPN_02202	292.001
KPN_02203	249.137
KPN_02204	221.902
KPN_02205	85.883
KPN_02206	231.186
KPN_02209	84.49
KPN_02210	76.907
KPN_02211	166.194
KPN_02212	173.467
KPN_02213	378.966
KPN_02214	920.877
KPN_02215	341.054
KPN_02216	289.989
KPN_02217	147.935
KPN_02218	278.228
KPN_02219	325.889
KPN_02220	512.51
KPN_02221	96.869
KPN_02222	107.237
KPN_02223	171.765
KPN_02224	149.946
KPN_02225	82.942
KPN_02226	61.278
KPN_02227	163.409
KPN_02228	60.35
KPN_02229	202.249
KPN_02230	214.319
KPN_02231	194.667
KPN_02232	81.55
KPN_02233	170.527
KPN_02234	267.396
KPN_02235	320.783
KPN_02236	135.246
KPN_02237	180.431
KPN_02238	526.127
KPN_02239	253.779
KPN_02240	198.071
KPN_02241	68.551
KPN_02242	138.186
KPN_02243	338.888
KPN_02244	77.372
KPN_02245	122.092
KPN_02246	73.503
KPN_02247	177.8
KPN_02248	67.932
KPN_02249	127.663
KPN_02250	221.438
KPN_02251	459.278
KPN_02252	158.921
KPN_02253	32.806
KPN_02254	31.258
KPN_02255	48.744
KPN_02256	132.305
KPN_02257	121.009
KPN_02258	43.483
KPN_02259	194.667
KPN_02260	20.89
KPN_02261	64.373
KPN_02262	60.195
KPN_02263	162.945
KPN_02264	60.814
KPN_02265	17.331
KPN_02266	59.576
KPN_02267	59.421
KPN_02268	164.956
KPN_02269	22.747
KPN_02270	39.15
KPN_02271	60.814
KPN_02272	166.658
KPN_02273	327.127
KPN_02274	210.76
KPN_02275	168.206
KPN_02276	30.02
KPN_02277	151.494
KPN_02278	149.018
KPN_02279	115.903
KPN_02280	138.805
KPN_02281	119.926
KPN_02282	200.702
KPN_02283	157.374
KPN_02284	112.808
KPN_02285	396.452
KPN_02286	215.867
KPN_02287	136.793
KPN_02288	188.632
KPN_02289	228.092
KPN_02290	185.382
KPN_02291	257.802
KPN_02292	353.434
KPN_02293	154.124
KPN_02294	173.003
KPN_02295	124.104
KPN_02296	142.209
KPN_02297	15.629
KPN_02298	147.161
KPN_02299	98.571
KPN_02300	112.963
KPN_02301	119.462
KPN_02302	182.442
KPN_02303	429.877
KPN_02304	517.152
KPN_02305	121.783
KPN_02306	214.165
KPN_02307	339.816
KPN_02308	261.826
KPN_02309	318.462
KPN_02310	394.75
KPN_02311	181.204
KPN_02312	314.129
KPN_02313	115.748
KPN_02314	82.788
KPN_02315	108.166
KPN_02316	163.254
KPN_02317	67.932
KPN_02318	175.943
KPN_02319	219.271
KPN_02320	69.015
KPN_02321	225.461
KPN_02322	421.985
KPN_02323	143.756
KPN_02324	140.352
KPN_02325	347.553
KPN_02326	88.513
KPN_02327	46.113
KPN_02328	240.007
KPN_02329	112.653
KPN_02330	320.009
KPN_02331	266.468
KPN_02332	383.918
KPN_02333	247.125
KPN_02334	203.178
KPN_02335	220.819
KPN_02336	98.571
KPN_02337	90.989
KPN_02338	122.247
KPN_02339	253.934
KPN_02340	485.12
KPN_02341	73.658
KPN_02342	58.029
KPN_02343	198.845
KPN_02344	192.81
KPN_02345	217.414
KPN_02346	536.031
KPN_02347	236.757
KPN_02348	123.485
KPN_02349	218.807
KPN_02350	601.178
KPN_02351	237.067
KPN_02352	60.04
KPN_02353	45.804
KPN_02354	160.933
KPN_02355	240.935
KPN_02356	83.097
KPN_02357	208.439
KPN_02358	92.382
KPN_02359	56.327
KPN_02360	161.861
KPN_02361	499.666
KPN_02362	158.612
KPN_02363	84.335
KPN_02364	278.693
KPN_02365	157.219
KPN_02366	287.203
KPN_02367	391.965
KPN_02368	217.26
KPN_02369	361.944
KPN_02370	224.378
KPN_02371	312.427
KPN_02372	224.378
KPN_02373	188.787
KPN_02374	194.203
KPN_02375	233.817
KPN_02376	148.089
KPN_02377	131.068
KPN_02378	199.928
KPN_02379	110.796
KPN_02380	449.529
KPN_02381	138.186
KPN_02382	144.994
KPN_02383	95.786
KPN_02384	177.491
KPN_02385	247.125
KPN_02386	186.311
KPN_02387	136.174
KPN_02388	424.616
KPN_02389	171.92
KPN_02390	203.797
KPN_02391	107.082
KPN_02392	352.35
KPN_02393	194.203
KPN_02394	236.912
KPN_02395	362.099
KPN_02396	237.686
KPN_02397	115.129
KPN_02398	232.27
KPN_02399	195.595
KPN_02400	114.819
KPN_02401	42.245
KPN_02402	122.557
KPN_02403	58.338
KPN_02404	178.574
KPN_02405	160.314
KPN_02406	84.645
KPN_02410	135.71
KPN_02411	435.448
KPN_02412	176.407
KPN_02413	55.708
KPN_02414	172.693
KPN_02415	181.823
KPN_02416	164.028
KPN_02417	242.328
KPN_02418	213.546
KPN_02419	364.73
KPN_02420	112.034
KPN_02421	152.886
KPN_02422	49.208
KPN_02423	55.862
KPN_02424	389.644
KPN_02425	221.592
KPN_02426	167.742
KPN_02427	96.715
KPN_02428	350.339
KPN_02429	172.384
KPN_02430	218.033
KPN_02432	199.774
KPN_02434	169.444
KPN_02435	231.341
KPN_02436	235.21
KPN_02437	131.687
KPN_02439	218.962
KPN_02440	170.837
KPN_02441	237.995
KPN_02442	36.829
KPN_02443	299.892
KPN_02444	53.541
KPN_02445	358.695
KPN_02447	241.554
KPN_02449	165.73
KPN_02450	237.84
KPN_02451	204.571
KPN_02452	125.342
KPN_02453	43.328
KPN_02454	76.134
KPN_02455	402.951
KPN_02456	94.239
KPN_02457	22.438
KPN_02458	216.331
KPN_02459	111.415
KPN_02460	165.421
KPN_02461	67.932
KPN_02462	269.408
KPN_02463	171.61
KPN_02464	119.771
KPN_02465	134.162
KPN_02466	196.988
KPN_02467	115.593
KPN_02468	162.326
KPN_02469	313.819
KPN_02470	514.831
KPN_02471	54.624
KPN_02472	341.364
KPN_02473	175.015
KPN_02474	205.809
KPN_02475	225.461
KPN_02476	316.914
KPN_02477	256.255
KPN_02478	269.253
KPN_02479	147.316
KPN_02480	180.276
KPN_02481	193.274
KPN_02482	148.399
KPN_02483	205.809
KPN_02484	437.304
KPN_02485	160.469
KPN_02486	99.964
KPN_02487	101.512
KPN_02488	66.23
KPN_02489	108.011
KPN_02490	105.071
KPN_02491	128.127
KPN_02492	241.864
KPN_02493	291.072
KPN_02494	66.54
KPN_02495	106.773
KPN_02496	105.844
KPN_02497	126.889
KPN_02498	11.606
KPN_02499	350.493
KPN_02500	183.216
KPN_02501	134.472
KPN_02502	196.988
KPN_02503	135.71
KPN_02504	106.154
KPN_02505	101.666
KPN_02506	105.999
KPN_02507	127.354
KPN_02508	109.403
KPN_02509	174.396
KPN_02510	263.064
KPN_02511	52.613
KPN_02512	204.725
KPN_02513	335.329
KPN_02514	151.494
KPN_02515	224.378
KPN_02516	281.323
KPN_02517	415.176
KPN_02518	141.126
KPN_02519	155.362
KPN_02520	123.176
KPN_02521	188.632
KPN_02522	246.506
KPN_02523	96.56
KPN_02524	93.62
KPN_02525	301.595
KPN_02526	191.572
KPN_02527	413.783
KPN_02528	398.619
KPN_02529	192.501
KPN_02530	191.263
KPN_02531	156.6
KPN_02532	280.859
KPN_02533	173.622
KPN_02534	106.463
KPN_02535	109.403
KPN_02536	112.963
KPN_02537	134.627
KPN_02538	204.571
KPN_02539	148.708
KPN_02540	84.954
KPN_02541	163.099
KPN_02542	184.763
KPN_02543	168.206
KPN_02544	132.924
KPN_02545	157.219
KPN_02546	108.939
KPN_02547	259.04
KPN_02548	311.189
KPN_02549	265.075
KPN_02550	170.682
KPN_02551	183.835
KPN_02552	92.536
KPN_02553	149.946
KPN_02554	236.602
KPN_02555	192.655
KPN_02556	136.329
KPN_02557	76.288
KPN_02558	86.811
KPN_02559	267.242
KPN_02560	505.546
KPN_02561	114.201
KPN_02562	176.407
KPN_02563	423.842
KPN_02564	181.359
KPN_02565	230.877
KPN_02566	276.681
KPN_02567	225.616
KPN_02568	559.861
KPN_02569	434.674
KPN_02570	101.821
KPN_02571	154.898
KPN_02572	82.323
KPN_02573	227.008
KPN_02574	134.472
KPN_02575	131.687
KPN_02576	320.164
KPN_02577	233.198
KPN_02578	253.624
KPN_02579	199.309
KPN_02580	171.301
KPN_02581	143.756
KPN_02582	85.418
KPN_02583	142.209
KPN_02584	161.861
KPN_02585	165.575
KPN_02586	246.506
KPN_02587	359.159
KPN_02588	254.088
KPN_02589	249.137
KPN_02590	283.025
KPN_02591	219.116
KPN_02592	205.654
KPN_02593	470.884
KPN_02594	363.647
KPN_02595	210.296
KPN_02596	131.996
KPN_02597	166.658
KPN_02598	413.938
KPN_02599	227.008
KPN_02600	276.526
KPN_02601	183.99
KPN_02602	31.103
KPN_02603	134.472
KPN_02604	224.223
KPN_02605	359.778
KPN_02606	236.912
KPN_02607	176.562
KPN_02608	140.352
KPN_02609	256.719
KPN_02610	299.892
KPN_02611	173.312
KPN_02612	184.299
KPN_02613	388.096
KPN_02614	87.43
KPN_02615	226.235
KPN_02616	172.539
KPN_02617	313.819
KPN_02618	75.979
KPN_02619	151.029
KPN_02620	176.562
KPN_02621	94.239
KPN_02622	118.688
KPN_02623	212.308
KPN_02624	56.172
KPN_02625	427.865
KPN_02627	212.772
KPN_02628	106.154
KPN_02629	407.284
KPN_02630	296.798
KPN_02631	336.102
KPN_02632	258.885
KPN_02633	105.071
KPN_02634	207.511
KPN_02635	236.448
KPN_02636	2072.012
KPN_02637	651.624
KPN_02638	198.536
KPN_02639	556.147
KPN_02640	699.749
KPN_02641	177.645
KPN_02642	565.741
KPN_02643	281.323
KPN_02644	62.826
KPN_02645	190.644
KPN_02646	222.676
KPN_02647	231.032
KPN_02648	166.658
KPN_02649	160.159
KPN_02650	122.402
KPN_02651	181.669
KPN_02652	187.704
KPN_02653	103.987
KPN_02654	239.852
KPN_02655	115.903
KPN_02656	153.815
KPN_02657	68.397
KPN_02658	253.469
KPN_02659	211.689
KPN_02660	208.594
KPN_02661	121.628
KPN_02662	365.349
KPN_02663	215.093
KPN_02664	71.801
KPN_02665	168.515
KPN_02666	360.242
KPN_02667	380.514
KPN_02668	457.576
KPN_02669	75.669
KPN_02670	138.65
KPN_02671	135.246
KPN_02672	242.018
KPN_02673	680.716
KPN_02674	335.019
KPN_02675	126.116
KPN_02676	453.862
KPN_02677	168.051
KPN_02678	92.072
KPN_02679	228.865
KPN_02680	302.368
KPN_02681	147.161
KPN_02682	361.016
KPN_02683	163.409
KPN_02684	92.227
KPN_02685	29.556
KPN_02686	114.665
KPN_02687	305.773
KPN_02688	532.781
KPN_02689	136.638
KPN_02690	135.091
KPN_02691	154.434
KPN_02692	153.041
KPN_02693	89.442
KPN_02694	219.426
KPN_02695	110.487
KPN_02696	187.858
KPN_02697	175.479
KPN_02698	168.515
KPN_02699	228.865
KPN_02700	182.133
KPN_02701	126.889
KPN_02702	380.204
KPN_02703	127.818
KPN_02704	168.67
KPN_02705	244.494
KPN_02706	271.574
KPN_02707	155.053
KPN_02708	195.595
KPN_02709	245.732
KPN_02710	271.11
KPN_02711	217.26
KPN_02712	186.156
KPN_02713	496.262
KPN_02714	342.447
KPN_02715	71.801
KPN_02716	133.079
KPN_02717	148.089
KPN_02718	189.87
KPN_02719	268.015
KPN_02720	248.053
KPN_02721	138.186
KPN_02722	201.94
KPN_02723	529.996
KPN_02724	323.104
KPN_02725	61.897
KPN_02726	326.973
KPN_02727	190.025
KPN_02728	225.306
KPN_02730	98.571
KPN_02731	119.307
KPN_02732	123.64
KPN_02733	62.052
KPN_02734	158.612
KPN_02735	304.225
KPN_02736	258.421
KPN_02737	134.472
KPN_02738	239.388
KPN_02739	232.734
KPN_02740	371.074
KPN_02741	193.893
KPN_02742	88.204
KPN_02743	309.332
KPN_02744	293.857
KPN_02745	330.841
KPN_02748	81.704
KPN_02749	94.548
KPN_02750	400.94
KPN_02755	122.866
KPN_02756	244.649
KPN_02757	53.077
KPN_02758	415.486
KPN_02759	267.551
KPN_02760	161.088
KPN_02761	492.393
KPN_02762	229.639
KPN_02763	1437.72
KPN_02764	585.858
KPN_02765	46.268
KPN_02766	208.13
KPN_02767	226.544
KPN_02768	98.262
KPN_02769	226.699
KPN_02770	274.36
KPN_02771	219.426
KPN_02772	208.903
KPN_02773	253.624
KPN_02774	273.896
KPN_02775	140.352
KPN_02776	77.526
KPN_02777	106.773
KPN_02778	213.236
KPN_02779	220.819
KPN_02780	154.743
KPN_02781	79.074
KPN_02782	93.001
KPN_02783	129.984
KPN_02784	198.536
KPN_02785	198.845
KPN_02786	168.67
KPN_02787	184.299
KPN_02788	135.865
KPN_02789	238.924
KPN_02790	48.589
KPN_02791	69.17
KPN_02792	164.956
KPN_02793	137.876
KPN_02794	142.828
KPN_02795	73.813
KPN_02796	53.851
KPN_02797	565.277
KPN_02798	230.413
KPN_02799	488.37
KPN_02800	250.529
KPN_02801	130.603
KPN_02802	397.845
KPN_02803	424.616
KPN_02804	85.109
KPN_02805	278.693
KPN_02806	49.982
KPN_02807	169.753
KPN_02808	323.568
KPN_02809	215.712
KPN_02810	179.812
KPN_02811	416.259
KPN_02812	442.72
KPN_02813	157.529
KPN_02814	182.597
KPN_02815	258.421
KPN_02816	358.231
KPN_02817	88.513
KPN_02818	185.692
KPN_02819	170.527
KPN_02820	312.581
KPN_02821	157.374
KPN_02822	353.588
KPN_02823	214.165
KPN_02824	260.123
KPN_02825	161.861
KPN_02826	511.581
KPN_02827	382.371
KPN_02828	382.99
KPN_02829	50.756
KPN_02830	166.04
KPN_02831	149.173
KPN_02832	274.515
KPN_02833	397.845
KPN_02834	365.504
KPN_02835	337.805
KPN_02836	145.923
KPN_02837	42.554
KPN_02838	78.455
KPN_02839	67.004
KPN_02840	48.899
KPN_02841	366.277
KPN_02842	295.56
KPN_02843	181.514
KPN_02844	368.134
KPN_02845	291.691
KPN_02846	247.125
KPN_02847	290.763
KPN_02848	120.081
KPN_02849	326.663
KPN_02850	1035.387
KPN_02851	213.236
KPN_02852	75.824
KPN_02853	131.532
KPN_02854	191.727
KPN_02855	314.593
KPN_02856	52.303
KPN_02857	84.645
KPN_02858	453.707
KPN_02859	127.508
KPN_02860	116.057
KPN_02861	136.019
KPN_02862	344.613
KPN_02863	146.078
KPN_02864	180.585
KPN_02865	200.702
KPN_02866	132.615
KPN_02867	156.291
KPN_02868	130.294
KPN_02869	311.189
KPN_02870	278.383
KPN_02871	125.342
KPN_02872	203.797
KPN_02873	442.72
KPN_02874	221.283
KPN_02875	101.357
KPN_02876	618.973
KPN_02877	290.608
KPN_02878	91.144
KPN_02879	283.799
KPN_02880	161.397
KPN_02881	252.541
KPN_02882	960.337
KPN_02883	256.1
KPN_02884	104.452
KPN_02885	149.173
KPN_02886	157.838
KPN_02887	63.445
KPN_02888	91.763
KPN_02889	176.098
KPN_02890	162.48
KPN_02891	226.544
KPN_02892	170.218
KPN_02893	244.649
KPN_02894	450.767
KPN_02895	120.545
KPN_02896	255.017
KPN_02897	335.483
KPN_02898	224.223
KPN_02899	395.06
KPN_02900	147.625
KPN_02901	324.032
KPN_02902	97.334
KPN_02903	166.349
KPN_02904	262.599
KPN_02905	105.535
KPN_02906	134.472
KPN_02907	654.564
KPN_02908	337.65
KPN_02909	76.753
KPN_02910	318.926
KPN_02915	637.542
KPN_02916	152.577
KPN_02917	238.305
KPN_02918	217.879
KPN_02919	112.344
KPN_02920	287.668
KPN_02921	216.331
KPN_02922	283.18
KPN_02923	269.563
KPN_02924	131.068
KPN_02925	234.746
KPN_02926	79.848
KPN_02927	198.536
KPN_02928	110.022
KPN_02929	227.163
KPN_02930	565.896
KPN_02931	560.48
KPN_02932	157.683
KPN_02933	342.602
KPN_02934	192.965
KPN_02935	278.847
KPN_02936	149.791
KPN_02937	211.07
KPN_02938	255.791
KPN_02939	116.057
KPN_02940	71.182
KPN_02941	112.189
KPN_02942	122.557
KPN_02943	152.577
KPN_02944	77.526
KPN_02945	549.029
KPN_02946	25.223
KPN_02947	86.656
KPN_02948	236.293
KPN_02949	35.591
KPN_02950	35.746
KPN_02951	68.087
KPN_02952	45.185
KPN_02953	122.092
KPN_02954	67.313
KPN_02955	56.946
KPN_02956	105.844
KPN_02957	75.205
KPN_02958	66.849
KPN_02959	102.131
KPN_02960	175.943
KPN_02961	205.035
KPN_02962	64.683
KPN_02963	301.749
KPN_02964	231.186
KPN_02965	195.131
KPN_02966	124.104
KPN_02967	80.157
KPN_02968	82.942
KPN_02969	155.362
KPN_02970	409.296
KPN_02971	118.224
KPN_02972	151.803
KPN_02973	135.865
KPN_02974	114.974
KPN_02975	150.101
KPN_02976	120.081
KPN_02977	204.106
KPN_02978	97.798
KPN_02979	121.009
KPN_02980	195.131
KPN_02981	99.345
KPN_02982	139.888
KPN_02983	91.608
KPN_02984	71.491
KPN_02985	86.966
KPN_02986	350.648
KPN_02987	138.805
KPN_02988	318.771
KPN_02989	87.894
KPN_02990	132.77
KPN_02991	374.169
KPN_02992	414.712
KPN_02993	126.271
KPN_02994	139.733
KPN_02995	72.11
KPN_02996	131.532
KPN_02997	220.509
KPN_02998	96.56
KPN_02999	110.641
KPN_03000	88.204
KPN_03001	86.811
KPN_03002	253.005
KPN_03003	105.535
KPN_03004	43.947
KPN_03005	94.239
KPN_03006	508.486
KPN_03007	234.746
KPN_03008	297.726
KPN_03009	260.742
KPN_03010	245.268
KPN_03011	153.351
KPN_03012	55.089
KPN_03013	107.547
KPN_03014	222.366
KPN_03015	267.396
KPN_03016	218.652
KPN_03017	114.201
KPN_03018	141.281
KPN_03019	386.549
KPN_03020	101.512
KPN_03021	151.648
KPN_03022	83.407
KPN_03028	135.865
KPN_03029	807.296
KPN_03030	110.641
KPN_03031	313.819
KPN_03032	122.247
KPN_03033	215.093
KPN_03034	210.915
KPN_03035	173.312
KPN_03036	242.173
KPN_03037	73.503
KPN_03038	127.973
KPN_03039	46.423
KPN_03040	101.512
KPN_03041	38.067
KPN_03042	154.434
KPN_03043	174.396
KPN_03044	229.02
KPN_03045	205.19
KPN_03046	210.141
KPN_03047	247.28
KPN_03048	550.112
KPN_03049	130.449
KPN_03050	155.517
KPN_03051	191.882
KPN_03052	211.225
KPN_03053	73.967
KPN_03054	108.939
KPN_03055	99.809
KPN_03056	189.87
KPN_03057	133.698
KPN_03058	420.592
KPN_03059	226.544
KPN_03060	449.374
KPN_03061	125.652
KPN_03062	109.713
KPN_03063	84.335
KPN_03064	215.557
KPN_03065	65.456
KPN_03066	274.515
KPN_03067	243.566
KPN_03068	502.451
KPN_03069	207.046
KPN_03070	287.358
KPN_03071	174.705
KPN_03072	198.071
KPN_03073	34.817
KPN_03074	122.092
KPN_03075	42.4
KPN_03076	122.557
KPN_03077	235.055
KPN_03078	228.092
KPN_03079	201.476
KPN_03080	206.428
KPN_03081	212.153
KPN_03082	95.941
KPN_03083	209.368
KPN_03084	132.46
KPN_03085	313.974
KPN_03086	72.11
KPN_03087	577.347
KPN_03088	252.541
KPN_03089	198.536
KPN_03090	242.328
KPN_03091	179.657
KPN_03092	54.934
KPN_03093	38.531
KPN_03094	556.612
KPN_03095	50.446
KPN_03096	31.722
KPN_03097	182.597
KPN_03098	96.25
KPN_03099	100.893
KPN_03100	156.755
KPN_03101	199.0
KPN_03102	70.408
KPN_03103	500.13
KPN_03104	495.643
KPN_03105	153.815
KPN_03106	189.406
KPN_03107	257.338
KPN_03108	112.963
KPN_03109	170.372
KPN_03110	82.788
KPN_03111	79.383
KPN_03112	153.97
KPN_03113	359.778
KPN_03114	229.02
KPN_03115	340.899
KPN_03116	243.411
KPN_03117	184.299
KPN_03118	425.853
KPN_03119	446.125
KPN_03120	88.977
KPN_03121	166.04
KPN_03122	263.064
KPN_03123	933.876
KPN_03124	594.833
KPN_03125	156.291
KPN_03126	551.969
KPN_03127	314.129
KPN_03128	415.64
KPN_03129	185.847
KPN_03130	194.358
KPN_03131	180.121
KPN_03132	189.096
KPN_03133	110.796
KPN_03134	157.219
KPN_03135	63.29
KPN_03136	131.377
KPN_03137	204.261
KPN_03138	334.245
KPN_03139	283.025
KPN_03140	335.638
KPN_03141	231.341
KPN_03142	182.752
KPN_03143	111.725
KPN_03144	84.799
KPN_03145	74.277
KPN_03146	176.562
KPN_03147	147.78
KPN_03148	276.99
KPN_03149	153.351
KPN_03150	179.812
KPN_03151	95.012
KPN_03152	187.858
KPN_03153	298.5
KPN_03154	205.963
KPN_03155	61.897
KPN_03156	133.389
KPN_03157	267.551
KPN_03158	96.405
KPN_03159	225.306
KPN_03160	55.862
KPN_03161	207.975
KPN_03162	71.027
KPN_03163	170.372
KPN_03164	267.396
KPN_03168	162.016
KPN_03169	206.428
KPN_03170	308.558
KPN_03171	176.098
KPN_03172	124.723
KPN_03173	44.566
KPN_03174	137.257
KPN_03175	374.788
KPN_03176	46.732
KPN_03177	115.284
KPN_03178	71.027
KPN_03179	213.855
KPN_03180	130.294
KPN_03181	50.446
KPN_03182	153.351
KPN_03183	88.668
KPN_03184	233.353
KPN_03185	127.508
KPN_03186	96.715
KPN_03187	50.756
KPN_03188	128.901
KPN_03189	110.951
KPN_03190	133.853
KPN_03191	126.271
KPN_03192	130.449
KPN_03193	176.562
KPN_03194	136.329
KPN_03195	83.097
KPN_03196	103.214
KPN_03197	204.571
KPN_03198	124.104
KPN_03199	145.304
KPN_03200	355.909
KPN_03201	157.219
KPN_03202	111.106
KPN_03203	37.293
KPN_03204	108.785
KPN_03205	221.128
KPN_03206	87.894
KPN_03207	65.921
KPN_03208	233.353
KPN_03209	41.316
KPN_03210	33.115
KPN_03211	58.183
KPN_03212	80.002
KPN_03213	59.267
KPN_03214	32.96
KPN_03215	127.044
KPN_03216	184.609
KPN_03217	138.34
KPN_03218	168.98
KPN_03219	68.087
KPN_03220	45.185
KPN_03221	54.47
KPN_03222	154.434
KPN_03223	145.768
KPN_03224	237.376
KPN_03225	305.618
KPN_03226	327.282
KPN_03227	59.731
KPN_03228	291.536
KPN_03229	625.472
KPN_03230	603.189
KPN_03231	652.707
KPN_03232	40.697
KPN_03233	49.363
KPN_03234	71.027
KPN_03235	69.634
KPN_03236	198.69
KPN_03237	214.165
KPN_03238	553.671
KPN_03239	136.638
KPN_03240	136.329
KPN_03241	117.295
KPN_03242	56.172
KPN_03243	249.601
KPN_03244	197.298
KPN_03245	408.522
KPN_03246	235.364
KPN_03247	110.796
KPN_03248	162.48
KPN_03249	299.273
KPN_03250	215.712
KPN_03251	249.446
KPN_03252	308.868
KPN_03253	150.101
KPN_03254	135.71
KPN_03255	55.862
KPN_03256	131.222
KPN_03257	132.924
KPN_03258	166.194
KPN_03259	211.689
KPN_03260	173.003
KPN_03261	189.715
KPN_03262	157.219
KPN_03263	247.899
KPN_03264	188.942
KPN_03265	102.595
KPN_03266	168.67
KPN_03267	107.547
KPN_03268	284.418
KPN_03269	127.663
KPN_03270	109.713
KPN_03271	177.181
KPN_03272	148.708
KPN_03273	138.959
KPN_03274	176.717
KPN_03275	159.54
KPN_03276	248.053
KPN_03277	624.699
KPN_03278	176.562
KPN_03279	383.763
KPN_03280	49.518
KPN_03281	114.974
KPN_03282	9.594
KPN_03283	86.037
KPN_03284	173.622
KPN_03285	120.081
KPN_03286	106.773
KPN_03287	144.066
KPN_03288	113.582
KPN_03289	129.365
KPN_03290	384.692
KPN_03291	79.383
KPN_03292	74.432
KPN_03293	130.139
KPN_03294	218.188
KPN_03295	66.849
KPN_03296	57.719
KPN_03297	142.983
KPN_03298	267.087
KPN_03299	212.153
KPN_03300	75.205
KPN_03301	100.893
KPN_03302	284.109
KPN_03303	61.433
KPN_03304	175.169
KPN_03305	43.328
KPN_03306	69.325
KPN_03307	141.435
KPN_03308	153.97
KPN_03309	41.162
KPN_03310	72.11
KPN_03311	124.414
KPN_03312	109.094
KPN_03313	172.384
KPN_03314	246.351
KPN_03316	146.078
KPN_03317	134.317
KPN_03318	470.729
KPN_03319	252.85
KPN_03320	388.87
KPN_03321	172.693
KPN_03322	188.168
KPN_03323	129.365
KPN_03324	101.512
KPN_03325	67.623
KPN_03326	238.459
KPN_03327	164.337
KPN_03328	50.601
KPN_03329	117.914
KPN_03330	323.104
KPN_03331	16.403
KPN_03332	86.811
KPN_03333	258.112
KPN_03334	79.074
KPN_03335	73.194
KPN_03336	74.122
KPN_03337	127.973
KPN_03338	117.295
KPN_03339	644.815
KPN_03340	94.703
KPN_03341	240.935
KPN_03342	290.298
KPN_03343	287.822
KPN_03344	328.52
KPN_03345	145.768
KPN_03346	151.648
KPN_03347	144.994
KPN_03348	378.038
KPN_03349	163.873
KPN_03350	220.354
KPN_03351	215.557
KPN_03352	93.155
KPN_03353	229.639
KPN_03354	1279.572
KPN_03355	650.386
KPN_03356	261.052
KPN_03357	545.315
KPN_03358	165.73
KPN_03359	164.492
KPN_03360	208.594
KPN_03361	182.442
KPN_03362	96.405
KPN_03363	98.417
KPN_03364	97.024
KPN_03365	154.898
KPN_03366	153.041
KPN_03367	122.247
KPN_03368	115.593
KPN_03369	102.904
KPN_03370	155.826
KPN_03371	61.897
KPN_03372	112.653
KPN_03373	224.997
KPN_03374	485.43
KPN_03375	291.691
KPN_03376	301.285
KPN_03377	72.42
KPN_03378	111.26
KPN_03379	143.911
KPN_03380	231.805
KPN_03381	138.495
KPN_03382	101.821
KPN_03383	160.624
KPN_03384	122.711
KPN_03385	169.908
KPN_03386	134.781
KPN_03387	56.636
KPN_03388	133.389
KPN_03389	224.223
KPN_03390	177.026
KPN_03391	82.788
KPN_03392	147.006
KPN_03393	172.693
KPN_03394	64.218
KPN_03395	211.07
KPN_03396	253.779
KPN_03397	395.833
KPN_03398	97.488
KPN_03400	102.285
KPN_03401	317.688
KPN_03402	83.097
KPN_03403	94.084
KPN_03404	68.706
KPN_03405	59.886
KPN_03406	86.192
KPN_03407	62.052
KPN_03408	15.939
KPN_03409	331.151
KPN_03410	256.41
KPN_03411	128.592
KPN_03412	94.703
KPN_03413	69.17
KPN_03414	46.268
KPN_03415	286.12
KPN_03416	441.173
KPN_03417	15.784
KPN_03418	138.186
KPN_03419	214.165
KPN_03420	69.634
KPN_03421	199.619
KPN_03422	120.7
KPN_03423	328.52
KPN_03424	336.412
KPN_03425	107.701
KPN_03426	180.585
KPN_03427	28.163
KPN_03428	292.465
KPN_03429	164.337
KPN_03430	118.379
KPN_03431	202.404
KPN_03432	204.725
KPN_03433	127.818
KPN_03434	484.965
KPN_03435	344.923
KPN_03436	162.48
KPN_03437	554.755
KPN_03438	121.628
KPN_03439	58.493
KPN_03440	91.453
KPN_03441	119.617
KPN_03442	101.976
KPN_03443	81.55
KPN_03444	467.17
KPN_03445	143.447
KPN_03446	184.299
KPN_03447	102.44
KPN_03448	152.267
KPN_03449	430.96
KPN_03450	169.599
KPN_03451	313.046
KPN_03452	146.851
KPN_03453	166.504
KPN_03454	229.02
KPN_03455	69.325
KPN_03456	345.387
KPN_03457	525.508
KPN_03458	218.497
KPN_03459	154.743
KPN_03460	307.011
KPN_03461	200.393
KPN_03462	92.536
KPN_03463	149.173
KPN_03464	137.103
KPN_03465	46.887
KPN_03466	54.624
KPN_03467	286.585
KPN_03468	82.014
KPN_03469	103.059
KPN_03470	132.615
KPN_03471	245.578
KPN_03472	119.152
KPN_03473	434.983
KPN_03474	510.498
KPN_03475	93.62
KPN_03477	100.583
KPN_03478	33.27
KPN_03479	40.697
KPN_03480	117.45
KPN_03481	442.411
KPN_03482	88.977
KPN_03483	63.445
KPN_03484	39.924
KPN_03485	103.059
KPN_03486	236.912
KPN_03487	51.994
KPN_03488	75.824
KPN_03489	210.76
KPN_03490	56.172
KPN_03491	153.66
KPN_03492	69.634
KPN_03493	262.445
KPN_03494	212.617
KPN_03495	200.547
KPN_03496	107.392
KPN_03497	210.76
KPN_03498	288.441
KPN_03499	143.911
KPN_03500	131.841
KPN_03501	317.069
KPN_03502	72.575
KPN_03503	217.26
KPN_03504	244.34
KPN_03505	242.637
KPN_03506	209.987
KPN_03507	317.224
KPN_03508	240.162
KPN_03509	389.798
KPN_03510	492.548
KPN_03511	213.855
KPN_03512	96.56
KPN_03513	85.728
KPN_03514	70.718
KPN_03515	243.875
KPN_03516	191.263
KPN_03517	311.343
KPN_03518	113.117
KPN_03519	252.232
KPN_03520	253.624
KPN_03521	222.521
KPN_03522	192.501
KPN_03523	158.612
KPN_03524	91.763
KPN_03525	99.655
KPN_03526	107.082
KPN_03527	100.583
KPN_03528	71.956
KPN_03529	58.493
KPN_03530	213.081
KPN_03531	92.691
KPN_03532	216.795
KPN_03533	145.923
KPN_03534	53.541
KPN_03535	60.195
KPN_03536	210.141
KPN_03537	205.809
KPN_03538	147.78
KPN_03539	203.642
KPN_03540	386.239
KPN_03541	230.877
KPN_03542	201.63
KPN_03543	107.237
KPN_03544	115.593
KPN_03545	183.99
KPN_03546	104.297
KPN_03547	169.444
KPN_03548	60.505
KPN_03549	39.46
KPN_03550	199.309
KPN_03551	131.996
KPN_03552	136.793
KPN_03553	170.218
KPN_03554	189.87
KPN_03555	473.36
KPN_03556	73.194
KPN_03557	142.519
KPN_03558	143.756
KPN_03559	186.93
KPN_03560	120.545
KPN_03561	131.532
KPN_03562	106.618
KPN_03563	77.526
KPN_03564	125.497
KPN_03565	118.379
KPN_03566	243.256
KPN_03567	214.319
KPN_03568	227.318
KPN_03569	228.092
KPN_03570	480.942
KPN_03571	1039.875
KPN_03572	1136.435
KPN_03573	171.92
KPN_03574	232.27
KPN_03575	98.726
KPN_03576	836.078
KPN_03577	419.354
KPN_03578	117.914
KPN_03580	332.698
KPN_03581	89.442
KPN_03582	90.215
KPN_03583	83.716
KPN_03585	170.527
KPN_03586	324.806
KPN_03587	167.587
KPN_03588	1139.684
KPN_03589	243.411
KPN_03590	107.392
KPN_03591	145.459
KPN_03592	287.358
KPN_03593	293.084
KPN_03594	239.388
KPN_03595	233.198
KPN_03596	350.648
KPN_03597	241.09
KPN_03598	66.075
KPN_03599	313.046
KPN_03600	63.754
KPN_03601	68.087
KPN_03602	180.585
KPN_03603	133.079
KPN_03604	182.752
KPN_03605	217.879
KPN_03606	208.439
KPN_03607	231.186
KPN_03608	141.435
KPN_03609	146.542
KPN_03610	161.552
KPN_03611	181.669
KPN_03612	390.572
KPN_03613	81.704
KPN_03614	144.994
KPN_03615	214.629
KPN_03616	68.861
KPN_03617	164.028
KPN_03618	156.6
KPN_03619	549.029
KPN_03620	258.267
KPN_03621	217.105
KPN_03622	164.492
KPN_03623	132.151
KPN_03624	1087.226
KPN_03625	356.374
KPN_03626	153.041
KPN_03627	138.805
KPN_03628	251.767
KPN_03629	407.903
KPN_03630	473.669
KPN_03631	275.443
KPN_03632	133.698
KPN_03633	336.876
KPN_03634	259.504
KPN_03635	84.49
KPN_03636	157.064
KPN_03637	218.033
KPN_03638	25.842
KPN_03639	83.871
KPN_03640	110.641
KPN_03641	165.73
KPN_03642	130.913
KPN_03643	117.914
KPN_03644	231.96
KPN_03645	117.295
KPN_03647	65.921
KPN_03648	67.313
KPN_03649	291.691
KPN_03650	165.111
KPN_03651	56.791
KPN_03652	202.559
KPN_03653	362.409
KPN_03654	804.51
KPN_03655	368.289
KPN_03656	142.828
KPN_03657	118.998
KPN_03658	244.804
KPN_03659	270.027
KPN_03660	476.609
KPN_03661	249.91
KPN_03662	152.577
KPN_03663	101.976
KPN_03664	123.485
KPN_03665	345.542
KPN_03666	44.876
KPN_03667	257.183
KPN_03668	191.572
KPN_03669	219.735
KPN_03670	75.824
KPN_03671	89.751
KPN_03672	158.302
KPN_03673	507.403
KPN_03674	37.293
KPN_03680	132.305
KPN_03681	65.302
KPN_03682	202.714
KPN_03683	145.304
KPN_03684	174.86
KPN_03685	200.547
KPN_03686	279.621
KPN_03687	184.763
KPN_03688	324.032
KPN_03689	312.736
KPN_03690	321.402
KPN_03691	105.38
KPN_03692	103.833
KPN_03693	91.608
KPN_03694	289.679
KPN_03695	1158.718
KPN_03696	659.206
KPN_03697	361.326
KPN_03698	319.854
KPN_03699	944.243
KPN_03700	267.861
KPN_03701	62.207
KPN_03702	220.819
KPN_03703	150.41
KPN_03704	281.942
KPN_03705	264.611
KPN_03706	315.367
KPN_03707	598.083
KPN_03708	454.481
KPN_03709	478.776
KPN_03710	74.896
KPN_03711	55.862
KPN_03712	126.735
KPN_03713	193.12
KPN_03714	89.906
KPN_03715	74.277
KPN_03716	245.578
KPN_03717	79.074
KPN_03718	156.6
KPN_03719	183.371
KPN_03720	94.393
KPN_03721	120.236
KPN_03722	100.274
KPN_03723	50.446
KPN_03724	1523.138
KPN_03725	1158.253
KPN_03726	180.585
KPN_03727	177.491
KPN_03728	59.576
KPN_03729	69.17
KPN_03730	92.691
KPN_03731	181.978
KPN_03732	320.628
KPN_03733	52.148
KPN_03734	419.509
KPN_03735	47.506
KPN_03736	353.588
KPN_03737	138.65
KPN_03738	387.168
KPN_03739	198.381
KPN_03740	45.804
KPN_03741	215.712
KPN_03742	101.202
KPN_03743	339.197
KPN_03744	388.406
KPN_03745	299.583
KPN_03746	121.938
KPN_03747	146.697
KPN_03748	35.281
KPN_03749	142.828
KPN_03750	287.977
KPN_03751	318.771
KPN_03752	628.412
KPN_03753	80.002
KPN_03754	326.818
KPN_03755	271.11
KPN_03756	188.942
KPN_03757	170.837
KPN_03758	204.88
KPN_03759	322.949
KPN_03760	331.46
KPN_03761	203.333
KPN_03762	164.647
KPN_03763	52.613
KPN_03764	55.862
KPN_03765	67.778
KPN_03766	116.831
KPN_03767	482.18
KPN_03768	138.65
KPN_03769	440.245
KPN_03770	166.813
KPN_03771	95.167
KPN_03772	216.486
KPN_03773	400.321
KPN_03774	274.05
KPN_03775	177.645
KPN_03776	75.824
KPN_03777	536.959
KPN_03778	55.862
KPN_03779	569.765
KPN_03780	56.172
KPN_03781	62.826
KPN_03782	112.808
KPN_03783	91.453
KPN_03784	144.221
KPN_03785	199.619
KPN_03786	382.525
KPN_03787	460.671
KPN_03788	670.193
KPN_03789	188.168
KPN_03790	188.787
KPN_03791	81.395
KPN_03792	369.991
KPN_03793	41.162
KPN_03794	605.975
KPN_03795	355.445
KPN_03796	321.866
KPN_03797	486.513
KPN_03798	541.601
KPN_03799	280.55
KPN_03800	230.722
KPN_03801	117.295
KPN_03802	239.078
KPN_03803	146.542
KPN_03804	264.147
KPN_03805	157.838
KPN_03806	119.307
KPN_03807	420.283
KPN_03808	80.157
KPN_03809	178.574
KPN_03810	214.784
KPN_03811	136.174
KPN_03812	125.961
KPN_03813	323.723
KPN_03814	86.656
KPN_03815	52.767
KPN_03816	172.693
KPN_03817	187.239
KPN_03818	314.284
KPN_03819	227.937
KPN_03820	273.741
KPN_03821	84.645
KPN_03822	276.836
KPN_03823	303.142
KPN_03824	121.164
KPN_03825	311.189
KPN_03826	370.455
KPN_03827	350.493
KPN_03828	261.826
KPN_03829	167.123
KPN_03830	379.585
KPN_03831	139.578
KPN_03832	58.338
KPN_03833	69.789
KPN_03834	150.72
KPN_03835	340.126
KPN_03836	57.719
KPN_03837	101.047
KPN_03838	184.299
KPN_03839	260.742
KPN_03840	198.226
KPN_03841	84.335
KPN_03842	84.645
KPN_03843	413.474
KPN_03844	223.295
KPN_03845	499.511
KPN_03846	247.744
KPN_03847	278.383
KPN_03848	121.009
KPN_03849	121.938
KPN_03850	209.522
KPN_03851	118.533
KPN_03852	106.154
KPN_03853	97.643
KPN_03854	100.583
KPN_03855	51.839
KPN_03856	247.434
KPN_03857	248.208
KPN_03858	374.788
KPN_03859	84.799
KPN_03860	134.627
KPN_03861	242.947
KPN_03862	142.828
KPN_03863	508.951
KPN_03864	161.552
KPN_03865	202.714
KPN_03866	337.031
KPN_03867	109.713
KPN_03868	224.223
KPN_03869	328.52
KPN_03870	94.239
KPN_03871	114.201
KPN_03872	140.971
KPN_03873	213.546
KPN_03874	327.282
KPN_03875	408.058
KPN_03876	208.284
KPN_03877	374.169
KPN_03878	315.831
KPN_03879	339.661
KPN_03880	853.409
KPN_03881	272.503
KPN_03882	567.134
KPN_03883	579.359
KPN_03884	178.109
KPN_03885	45.185
KPN_03886	260.897
KPN_03887	29.865
KPN_03888	265.23
KPN_03889	245.732
KPN_03890	115.438
KPN_03891	989.738
KPN_03892	586.167
KPN_03893	468.408
KPN_03894	194.822
KPN_03895	176.098
KPN_03896	159.386
KPN_03897	169.134
KPN_03898	177.645
KPN_03899	394.75
KPN_03900	127.044
KPN_03901	71.801
KPN_03903	181.05
KPN_03904	404.344
KPN_03905	170.991
KPN_03906	143.292
KPN_03907	139.424
KPN_03908	108.32
KPN_03909	384.692
KPN_03910	161.861
KPN_03911	170.837
KPN_03912	119.926
KPN_03913	187.394
KPN_03914	272.812
KPN_03915	222.985
KPN_03916	179.193
KPN_03917	330.686
KPN_03918	72.575
KPN_03919	100.428
KPN_03920	401.095
KPN_03921	33.734
KPN_03922	516.069
KPN_03923	229.484
KPN_03924	64.683
KPN_03925	157.374
KPN_03926	59.421
KPN_03927	52.303
KPN_03928	296.952
KPN_03929	289.525
KPN_03930	171.765
KPN_03931	219.426
KPN_03932	172.384
KPN_03933	256.1
KPN_03934	144.066
KPN_03935	303.916
KPN_03936	263.064
KPN_03937	94.239
KPN_03938	317.688
KPN_03939	234.127
KPN_03940	119.307
KPN_03942	473.669
KPN_03943	278.847
KPN_03944	146.697
KPN_03945	54.934
KPN_03946	89.287
KPN_03947	276.526
KPN_03948	120.236
KPN_03949	192.036
KPN_03950	85.109
KPN_03951	199.928
KPN_03952	256.41
KPN_03953	175.479
KPN_03954	68.242
KPN_03955	109.713
KPN_03956	379.43
KPN_03957	63.29
KPN_03958	201.476
KPN_03959	197.607
KPN_03960	136.484
KPN_03961	250.22
KPN_03962	290.608
KPN_03963	234.746
KPN_03964	259.35
KPN_03965	190.644
KPN_03966	246.97
KPN_03967	239.233
KPN_03968	190.179
KPN_03969	201.63
KPN_03970	175.479
KPN_03971	203.487
KPN_03972	307.63
KPN_03973	188.632
KPN_03974	118.379
KPN_03975	192.346
KPN_03976	91.299
KPN_03977	212.462
KPN_03978	163.873
KPN_03979	274.205
KPN_03980	110.641
KPN_03981	137.722
KPN_03982	141.435
KPN_03983	154.589
KPN_03984	176.407
KPN_03985	168.051
KPN_03986	125.342
KPN_03987	119.617
KPN_03988	15.165
KPN_03989	238.305
KPN_03990	212.927
KPN_03991	107.547
KPN_03992	145.768
KPN_03993	200.547
KPN_03994	93.31
KPN_03995	216.486
KPN_03996	184.918
KPN_03997	125.342
KPN_03998	534.019
KPN_03999	168.361
KPN_04000	498.119
KPN_04001	187.704
KPN_04002	183.526
KPN_04003	98.262
KPN_04004	107.237
KPN_04005	350.803
KPN_04006	249.446
KPN_04007	183.216
KPN_04008	247.125
KPN_04009	113.736
KPN_04010	165.421
KPN_04011	370.146
KPN_04012	193.584
KPN_04013	237.686
KPN_04014	417.962
KPN_04015	224.997
KPN_04016	201.94
KPN_04017	145.613
KPN_04018	304.535
KPN_04019	176.407
KPN_04021	62.052
KPN_04022	161.552
KPN_04023	38.067
KPN_04024	94.703
KPN_04026	170.218
KPN_04027	105.225
KPN_04028	99.036
KPN_04029	208.13
KPN_04030	197.607
KPN_04031	186.775
KPN_04032	128.901
KPN_04033	113.117
KPN_04034	149.327
KPN_04035	135.865
KPN_04036	189.096
KPN_04037	96.25
KPN_04038	68.861
KPN_04039	126.425
KPN_04040	387.787
KPN_04041	172.384
KPN_04042	161.242
KPN_04043	144.685
KPN_04044	191.417
KPN_04045	139.578
KPN_04046	120.39
KPN_04047	138.031
KPN_04048	89.751
KPN_04049	97.643
KPN_04050	169.289
KPN_04051	184.609
KPN_04052	189.87
KPN_04053	228.401
KPN_04054	75.05
KPN_04055	316.295
KPN_04056	43.019
KPN_04057	180.121
KPN_04058	100.738
KPN_04059	106.618
KPN_04060	140.352
KPN_04061	127.044
KPN_04062	99.5
KPN_04063	143.911
KPN_04064	115.748
KPN_04065	201.785
KPN_04066	95.477
KPN_04067	77.991
KPN_04068	103.368
KPN_04069	183.835
KPN_04070	186.93
KPN_04071	237.376
KPN_04072	142.983
KPN_04073	69.015
KPN_04074	412.081
KPN_04075	16.093
KPN_04076	65.147
KPN_04077	113.891
KPN_04078	281.014
KPN_04079	134.627
KPN_04080	176.562
KPN_04081	183.061
KPN_04082	103.214
KPN_04083	70.408
KPN_04084	82.633
KPN_04085	325.58
KPN_04086	431.734
KPN_04087	177.026
KPN_04088	407.748
KPN_04089	197.607
KPN_04090	105.844
KPN_04091	117.914
KPN_04092	63.909
KPN_04093	231.341
KPN_04094	191.727
KPN_04095	166.04
KPN_04096	89.132
KPN_04097	131.687
KPN_04098	110.022
KPN_04099	155.672
KPN_04100	138.959
KPN_04101	201.321
KPN_04102	677.311
KPN_04103	264.766
KPN_04104	274.205
KPN_04105	332.234
KPN_04106	90.68
KPN_04107	50.601
KPN_04108	65.766
KPN_04109	415.176
KPN_04110	274.05
KPN_04111	97.024
KPN_04112	68.087
KPN_04113	45.804
KPN_04114	102.904
KPN_04115	73.039
KPN_04116	89.132
KPN_04117	23.83
KPN_04118	456.647
KPN_04119	69.015
KPN_04120	226.544
KPN_04121	145.459
KPN_04122	116.367
KPN_04123	136.484
KPN_04124	326.818
KPN_04125	149.946
KPN_04126	121.783
KPN_04127	256.874
KPN_04128	207.046
KPN_04129	144.994
KPN_04130	151.339
KPN_04131	154.743
KPN_04132	163.099
KPN_04133	205.344
KPN_04134	559.552
KPN_04135	384.692
KPN_04136	288.441
KPN_04137	862.384
KPN_04138	544.696
KPN_04139	1296.284
KPN_04140	394.131
KPN_04141	427.71
KPN_04142	177.336
KPN_04143	350.339
KPN_04144	119.462
KPN_04145	151.494
KPN_04146	470.574
KPN_04147	111.879
KPN_04148	91.608
KPN_04149	244.804
KPN_04150	267.551
KPN_04151	319.545
KPN_04152	435.602
KPN_04153	101.357
KPN_04154	298.036
KPN_04155	155.517
KPN_04156	218.652
KPN_04157	227.627
KPN_04158	188.477
KPN_04159	300.047
KPN_04160	175.634
KPN_04165	34.817
KPN_04166	88.358
KPN_04167	137.103
KPN_04168	70.099
KPN_04169	249.601
KPN_04170	192.655
KPN_04171	221.283
KPN_04172	685.203
KPN_04173	156.755
KPN_04174	123.949
KPN_04175	335.483
KPN_04176	345.077
KPN_04177	257.029
KPN_04178	347.089
KPN_04179	1041.267
KPN_04180	141.126
KPN_04181	162.945
KPN_04182	92.227
KPN_04183	231.805
KPN_04184	175.943
KPN_04185	61.278
KPN_04186	94.548
KPN_04187	229.175
KPN_04188	153.505
KPN_04189	216.95
KPN_04190	594.988
KPN_04191	133.853
KPN_04192	31.413
KPN_04193	174.396
KPN_04194	49.982
KPN_04195	211.07
KPN_04196	130.294
KPN_04197	57.874
KPN_04198	90.989
KPN_04199	49.673
KPN_04200	106.309
KPN_04201	95.012
KPN_04202	171.146
KPN_04203	275.907
KPN_04204	163.254
KPN_04205	41.007
KPN_04206	150.72
KPN_04207	130.294
KPN_04208	123.64
KPN_04209	193.893
KPN_04210	131.377
KPN_04211	104.916
KPN_04212	157.374
KPN_04213	183.526
KPN_04214	114.201
KPN_04215	169.289
KPN_04216	171.765
KPN_04217	212.772
KPN_04218	164.337
KPN_04219	342.447
KPN_04220	206.118
KPN_04221	127.199
KPN_04222	206.737
KPN_04223	252.232
KPN_04224	164.802
KPN_04225	224.068
KPN_04226	324.187
KPN_04227	129.675
KPN_04228	200.083
KPN_04229	220.354
KPN_04230	369.217
KPN_04231	115.129
KPN_04232	81.24
KPN_04233	285.501
KPN_04234	599.94
KPN_04235	231.96
KPN_04236	206.118
KPN_04237	54.934
KPN_04238	158.921
KPN_04239	222.366
KPN_04240	179.193
KPN_04241	273.122
KPN_04242	108.785
KPN_04243	209.677
KPN_04244	158.921
KPN_04245	712.902
KPN_04246	257.648
KPN_04247	249.137
KPN_04248	192.965
KPN_04249	340.126
KPN_04250	251.148
KPN_04251	344.149
KPN_04252	154.279
KPN_04253	90.834
KPN_04254	248.363
KPN_04255	327.282
KPN_04256	186.775
KPN_04264	204.261
KPN_04265	89.132
KPN_04266	294.476
KPN_04267	410.379
KPN_04268	66.23
KPN_04269	234.746
KPN_04270	462.063
KPN_04271	386.703
KPN_04272	133.389
KPN_04273	371.384
KPN_04274	68.706
KPN_04275	57.41
KPN_04276	341.673
KPN_04277	121.473
KPN_04278	130.294
KPN_04279	203.642
KPN_04280	375.717
KPN_04281	408.522
KPN_04282	365.039
KPN_04283	705.165
KPN_04284	242.792
KPN_04285	248.208
KPN_04286	267.242
KPN_04287	310.879
KPN_04288	263.683
KPN_04289	217.724
KPN_04290	126.116
KPN_04291	268.48
KPN_04292	214.474
KPN_04293	186.775
KPN_04294	217.414
KPN_04295	137.412
KPN_04296	243.566
KPN_04301	289.215
KPN_04302	293.703
KPN_04303	179.347
KPN_04304	231.96
KPN_04305	768.765
KPN_04306	77.526
KPN_04307	50.911
KPN_04308	207.82
KPN_04309	170.063
KPN_04310	218.962
KPN_04311	172.384
KPN_04312	505.701
KPN_04313	218.962
KPN_04314	214.629
KPN_04315	110.641
KPN_04316	188.323
KPN_04317	427.401
KPN_04318	151.184
KPN_04319	189.56
KPN_04320	137.876
KPN_04321	245.268
KPN_04322	192.346
KPN_04323	219.116
KPN_04324	235.21
KPN_04325	558.778
KPN_04326	202.249
KPN_04327	187.085
KPN_04328	228.401
KPN_04329	186.93
KPN_04330	148.244
KPN_04331	402.023
KPN_04332	64.218
KPN_04333	136.329
KPN_04334	192.655
KPN_04335	155.826
KPN_04336	121.009
KPN_04337	365.349
KPN_04338	187.239
KPN_04339	286.43
KPN_04340	539.435
KPN_04341	328.675
KPN_04342	140.662
KPN_04343	310.57
KPN_04344	128.282
KPN_04350	251.613
KPN_04351	235.674
KPN_04352	235.829
KPN_04357	1372.727
KPN_04358	152.577
KPN_04359	237.995
KPN_04360	352.35
KPN_04361	530.46
KPN_04362	123.949
KPN_04363	404.344
KPN_04364	230.877
KPN_04365	1991.391
KPN_04366	1795.641
KPN_04367	328.984
KPN_04368	79.229
KPN_04369	67.623
KPN_04370	278.383
KPN_04371	225.306
KPN_04372	171.146
KPN_04373	33.115
KPN_04374	163.254
KPN_04375	151.184
KPN_04376	413.474
KPN_04377	122.247
KPN_04378	190.179
KPN_04379	264.301
KPN_04380	164.802
KPN_04381	146.387
KPN_04382	303.606
KPN_04383	170.991
KPN_04384	67.159
KPN_04385	198.226
KPN_04386	194.358
KPN_04387	320.164
KPN_04388	393.822
KPN_04393	112.653
KPN_04394	231.651
KPN_04395	393.976
KPN_04396	324.961
KPN_04397	439.626
KPN_04398	222.83
KPN_04399	917.009
KPN_04400	306.392
KPN_04401	96.25
KPN_04402	149.637
KPN_04403	99.655
KPN_04404	89.751
KPN_04405	58.802
KPN_04406	47.351
KPN_04407	96.715
KPN_04408	114.974
KPN_04409	216.95
KPN_04410	65.766
KPN_04411	167.896
KPN_04412	336.257
KPN_04413	506.165
KPN_04414	103.214
KPN_04415	99.809
KPN_04416	53.077
KPN_04417	39.614
KPN_04418	96.25
KPN_04419	174.55
KPN_04420	70.099
KPN_04421	201.166
KPN_04422	374.943
KPN_04423	292.001
KPN_04424	269.408
KPN_04425	317.069
KPN_04426	214.938
KPN_04427	95.941
KPN_04428	160.159
KPN_04429	598.856
KPN_04430	68.706
KPN_04431	163.254
KPN_04432	319.081
KPN_04433	64.528
KPN_04434	131.532
KPN_04435	122.247
KPN_04436	215.248
KPN_04437	33.27
KPN_04438	240.781
KPN_04439	278.074
KPN_04440	207.046
KPN_04441	300.666
KPN_04442	172.693
KPN_04443	104.142
KPN_04444	79.229
KPN_04445	692.786
KPN_04446	194.048
KPN_04447	228.401
KPN_04448	303.606
KPN_04449	50.137
KPN_04450	226.389
KPN_04451	28.318
KPN_04452	324.651
KPN_04453	110.332
KPN_04454	125.806
KPN_04455	98.571
KPN_04456	131.377
KPN_04457	147.625
KPN_04458	108.785
KPN_04459	152.267
KPN_04460	69.944
KPN_04461	320.473
KPN_04462	78.61
KPN_04463	77.217
KPN_04464	152.267
KPN_04465	330.377
KPN_04466	311.343
KPN_04467	154.743
KPN_04468	50.446
KPN_04469	90.525
KPN_04470	12.379
KPN_04471	69.17
KPN_04472	103.833
KPN_04473	311.498
KPN_04474	73.503
KPN_04475	151.029
KPN_04476	404.654
KPN_04477	51.839
KPN_04478	483.573
KPN_04479	25.378
KPN_04480	325.27
KPN_04481	104.606
KPN_04482	412.391
KPN_04483	168.051
KPN_04484	115.593
KPN_04485	144.066
KPN_04486	242.947
KPN_04487	137.722
KPN_04488	129.056
KPN_04489	194.512
KPN_04490	303.142
KPN_04491	129.056
KPN_04492	79.229
KPN_04493	144.53
KPN_04494	84.18
KPN_04495	92.227
KPN_04496	105.535
KPN_04497	128.127
KPN_04498	70.253
KPN_04499	55.708
KPN_04500	92.072
KPN_04501	98.107
KPN_04502	67.468
KPN_04503	365.658
KPN_04504	164.802
KPN_04505	192.655
KPN_04506	193.12
KPN_04507	231.032
KPN_04508	77.991
KPN_04509	225.925
KPN_04510	86.811
KPN_04511	130.449
KPN_04512	173.312
KPN_04513	270.955
KPN_04514	314.129
KPN_04515	14.855
KPN_04516	76.134
KPN_04517	51.53
KPN_04518	48.28
KPN_04519	55.862
KPN_04520	15.784
KPN_04521	70.872
KPN_04522	128.127
KPN_04524	308.558
KPN_04525	146.387
KPN_04526	390.881
KPN_04527	77.681
KPN_04528	235.055
KPN_04529	356.219
KPN_04530	119.926
KPN_04531	225.306
KPN_04532	122.866
KPN_04533	875.228
KPN_04534	92.072
KPN_04535	126.58
KPN_04536	253.934
KPN_04537	154.434
KPN_04538	38.222
KPN_04539	110.487
KPN_04540	355.445
KPN_04541	88.977
KPN_04542	69.17
KPN_04543	93.465
KPN_04544	220.354
KPN_04545	220.2
KPN_04546	30.484
KPN_04547	48.744
KPN_04548	78.61
KPN_04549	129.211
KPN_04550	88.513
KPN_04551	97.643
KPN_04552	184.454
KPN_04553	442.566
KPN_04554	196.988
KPN_04555	197.452
KPN_04556	576.419
KPN_04557	235.21
KPN_04558	259.814
KPN_04559	122.092
KPN_04560	134.472
KPN_04564	280.395
KPN_04565	310.26
KPN_04566	99.809
KPN_04567	308.868
KPN_04568	456.028
KPN_04569	470.265
KPN_04570	135.246
KPN_04571	368.289
KPN_04572	329.448
KPN_04573	285.347
KPN_04574	54.005
KPN_04575	46.423
KPN_04576	566.36
KPN_04577	107.856
KPN_04578	608.45
KPN_04579	176.562
KPN_04580	406.511
KPN_04581	71.182
KPN_04582	76.134
KPN_04583	122.557
KPN_04584	133.389
KPN_04585	139.733
KPN_04586	184.918
KPN_04587	40.697
KPN_04588	63.29
KPN_04589	89.132
KPN_04590	116.367
KPN_04591	91.144
KPN_04592	190.798
KPN_04593	67.159
KPN_04594	102.595
KPN_04595	42.864
KPN_04596	61.278
KPN_04597	114.974
KPN_04598	40.543
KPN_04599	131.377
KPN_04600	169.908
KPN_04601	349.41
KPN_04602	160.624
KPN_04603	241.864
KPN_04604	140.662
KPN_04605	133.234
KPN_04606	65.921
KPN_04607	474.133
KPN_04608	186.62
KPN_04609	136.948
KPN_04610	51.375
KPN_04611	145.923
KPN_04612	274.979
KPN_04613	138.34
KPN_04614	327.591
KPN_04615	171.61
KPN_04616	424.151
KPN_04617	770.776
KPN_04618	92.072
KPN_04619	138.65
KPN_04620	183.061
KPN_04621	219.89
KPN_04622	223.295
KPN_04623	306.237
KPN_04624	179.966
KPN_04625	212.308
KPN_04626	249.291
KPN_04627	326.973
KPN_04628	81.24
KPN_04629	280.085
KPN_04630	135.555
KPN_04631	332.543
KPN_04632	96.56
KPN_04633	81.085
KPN_04634	87.585
KPN_04635	71.956
KPN_04636	158.302
KPN_04637	116.986
KPN_04638	176.562
KPN_04639	166.349
KPN_04640	123.33
KPN_04641	167.742
KPN_04642	281.787
KPN_04643	46.113
KPN_04644	64.373
KPN_04645	110.641
KPN_04646	526.591
KPN_04647	144.994
KPN_04648	40.388
KPN_04649	186.775
KPN_04650	194.358
KPN_04651	267.242
KPN_04652	285.811
KPN_04653	148.244
KPN_04654	606.903
KPN_04655	123.176
KPN_04656	113.272
KPN_04657	227.473
KPN_04658	81.395
KPN_04659	252.541
KPN_04660	112.808
KPN_04661	156.755
KPN_04662	121.628
KPN_04663	837.625
KPN_04664	96.56
KPN_04665	377.883
KPN_04666	265.075
KPN_04667	266.623
KPN_04668	374.943
KPN_04669	112.498
KPN_04670	231.496
KPN_04671	134.472
KPN_04672	204.88
KPN_04673	264.456
KPN_04674	288.751
KPN_04675	171.456
KPN_04676	148.244
KPN_04677	170.372
KPN_04678	164.183
KPN_04679	155.672
KPN_04680	102.904
KPN_04681	112.034
KPN_04682	109.403
KPN_04683	220.509
KPN_04684	183.216
KPN_04685	86.811
KPN_04687	239.388
KPN_04688	14.855
KPN_04689	82.169
KPN_04690	80.002
KPN_04691	107.547
KPN_04692	30.949
KPN_04693	62.207
KPN_04694	32.806
KPN_04695	70.408
KPN_04696	199.619
KPN_04697	96.715
KPN_04698	48.899
KPN_04699	129.675
KPN_04700	33.889
KPN_04701	112.189
KPN_04702	67.932
KPN_04703	160.933
KPN_04704	24.449
KPN_04705	116.986
KPN_04706	117.45
KPN_04707	257.802
KPN_04708	612.938
KPN_04709	545.315
KPN_04710	723.734
KPN_04711	344.923
KPN_04712	75.515
KPN_04713	130.603
KPN_04714	132.77
KPN_04715	160.778
KPN_04716	30.639
KPN_04717	56.172
KPN_04718	26.771
KPN_04719	105.535
KPN_04720	98.571
KPN_04721	303.606
KPN_04722	192.191
KPN_04723	173.777
KPN_04724	190.798
KPN_04725	14.236
KPN_04726	179.347
KPN_04727	92.691
KPN_04728	64.992
KPN_04729	198.845
KPN_04730	121.938
KPN_04731	233.817
KPN_04732	172.848
KPN_04733	147.006
KPN_04734	130.603
KPN_04735	72.575
KPN_04736	439.316
KPN_04737	172.075
KPN_04738	45.34
KPN_04739	196.214
KPN_04740	109.868
KPN_04741	201.166
KPN_04742	113.736
KPN_04743	273.122
KPN_04748	78.919
KPN_04749	243.875
KPN_04750	529.996
KPN_04751	258.267
KPN_04752	157.993
KPN_04753	238.459
KPN_04754	361.016
KPN_04755	215.248
KPN_04756	190.179
KPN_04757	129.056
KPN_04758	118.843
KPN_04759	56.172
KPN_04760	256.564
KPN_04761	75.669
KPN_04762	140.197
KPN_04763	190.953
KPN_04764	184.299
KPN_04765	284.418
KPN_04766	37.912
KPN_04767	188.013
KPN_04768	212.927
KPN_04769	84.335
KPN_04770	124.878
KPN_04771	142.519
KPN_04772	303.297
KPN_04773	125.961
KPN_04774	191.417
KPN_04775	33.27
KPN_04776	523.961
KPN_04777	97.334
KPN_04778	113.272
KPN_04779	119.617
KPN_04780	351.886
KPN_04781	128.282
KPN_04782	212.308
KPN_04783	143.138
KPN_04784	167.432
KPN_04785	93.001
KPN_04786	208.903
KPN_04787	357.612
KPN_04788	188.632
KPN_04789	153.041
KPN_04790	96.25
KPN_04791	144.221
KPN_04792	153.351
KPN_04793	205.654
KPN_04794	60.195
KPN_04795	190.489
KPN_04796	116.367
KPN_04797	82.323
KPN_04798	154.898
KPN_04799	126.735
KPN_04800	115.593
KPN_04801	453.552
KPN_04802	60.505
KPN_04803	71.027
KPN_04804	111.57
KPN_04805	137.257
KPN_04806	159.231
KPN_04807	188.168
KPN_04808	208.284
KPN_04809	551.35
KPN_04810	110.796
KPN_04811	180.895
KPN_04812	127.044
KPN_04813	100.583
KPN_04814	191.108
KPN_04815	288.751
KPN_04816	152.577
KPN_04817	111.415
KPN_04818	102.131
KPN_04819	108.166
KPN_04820	269.563
KPN_04821	197.917
KPN_04822	121.783
KPN_04823	87.585
KPN_04827	235.055
KPN_04828	100.119
KPN_04829	102.904
KPN_04830	151.648
KPN_04831	395.679
KPN_04832	146.542
KPN_04833	55.708
KPN_04834	247.125
KPN_04835	135.246
KPN_04836	309.022
KPN_04837	188.323
KPN_04838	268.325
KPN_04839	304.225
KPN_04840	170.682
KPN_04841	191.882
KPN_04842	130.294
KPN_04843	211.07
KPN_04844	300.976
KPN_04845	300.047
KPN_04846	417.188
KPN_04847	481.406
KPN_04848	72.11
KPN_04849	125.187
KPN_04850	161.707
KPN_04851	219.581
KPN_04852	110.332
KPN_04853	165.421
KPN_04854	235.829
KPN_04855	205.654
KPN_04856	347.708
KPN_04857	108.63
KPN_04858	155.053
KPN_04859	60.814
KPN_04860	303.142
KPN_04861	16.403
KPN_04862	33.115
KPN_04863	62.981
KPN_04864	146.387
KPN_04865	147.625
KPN_04866	313.046
KPN_04867	71.182
KPN_04868	109.403
KPN_04869	48.28
KPN_04870	82.169
KPN_04871	132.305
KPN_04872	55.553
KPN_04873	58.957
KPN_04874	52.767
KPN_04875	59.886
KPN_04876	34.508
KPN_04877	24.449
KPN_04878	61.588
KPN_04879	86.501
KPN_04880	133.079
KPN_04881	105.844
KPN_04882	222.366
KPN_04883	199.464
KPN_04884	79.693
KPN_04885	85.883
KPN_04886	57.719
KPN_04887	218.962
KPN_04888	26.771
KPN_04889	26.461
KPN_04890	39.769
KPN_04891	60.659
KPN_04892	30.02
KPN_04893	68.706
KPN_04894	119.152
KPN_pKPN3p05859	41.935
KPN_pKPN3p05860	66.385
KPN_pKPN3p05861	278.538
KPN_pKPN3p05862	35.281
KPN_pKPN3p05863	66.075
KPN_pKPN3p05864	32.341
KPN_pKPN3p05865	100.583
KPN_pKPN3p05866	264.611
KPN_pKPN3p05867	159.695
KPN_pKPN3p05868	279.157
KPN_pKPN3p05869	230.877
KPN_pKPN3p05870	194.048
KPN_pKPN3p05871	527.52
KPN_pKPN3p05872	260.742
KPN_pKPN3p05873	156.136
KPN_pKPN3p05874	122.247
KPN_pKPN3p05875	80.312
KPN_pKPN3p05876	65.611
KPN_pKPN3p05877	114.201
KPN_pKPN3p05878	45.03
KPN_pKPN3p05879	68.706
KPN_pKPN3p05880	83.716
KPN_pKPN3p05881	36.365
KPN_pKPN3p05882	46.732
KPN_pKPN3p05883	25.842
KPN_pKPN3p05884	120.7
KPN_pKPN3p05885	154.124
KPN_pKPN3p05886	86.192
KPN_pKPN3p05887	76.753
KPN_pKPN3p05888	37.912
KPN_pKPN3p05889	98.417
KPN_pKPN3p05890	103.214
KPN_pKPN3p05891	99.964
KPN_pKPN3p05892	122.866
KPN_pKPN3p05893	102.75
KPN_pKPN3p05894	73.967
KPN_pKPN3p05895	118.843
KPN_pKPN3p05896	73.967
KPN_pKPN3p05897	34.972
KPN_pKPN3p05898	143.911
KPN_pKPN3p05899	695.261
KPN_pKPN3p05900	47.661
KPN_pKPN3p05901	186.93
KPN_pKPN3p05902	38.376
KPN_pKPN3p05903	153.041
KPN_pKPN3p05904	73.039
KPN_pKPN3p05905	193.274
KPN_pKPN3p05906	161.397
KPN_pKPN3p05907	77.836
KPN_pKPN3p05908	170.527
KPN_pKPN3p05909	24.759
KPN_pKPN3p05910	119.462
KPN_pKPN3p05911	66.385
KPN_pKPN3p05912	61.124
KPN_pKPN3p05913	60.814
KPN_pKPN3p05914	61.743
KPN_pKPN3p05915	94.239
KPN_pKPN3p05916	88.823
KPN_pKPN3p05917	51.065
KPN_pKPN3p05918	83.252
KPN_pKPN3p05919	57.874
KPN_pKPN3p05920	280.55
KPN_pKPN3p05921	181.359
KPN_pKPN3p05922	102.595
KPN_pKPN3p05923	79.074
KPN_pKPN3p05924	45.959
KPN_pKPN3p05925	92.227
KPN_pKPN3p05926	153.196
KPN_pKPN3p05927	56.946
KPN_pKPN3p05928	117.914
KPN_pKPN3p05929	70.253
KPN_pKPN3p05930	130.139
KPN_pKPN3p05931	181.823
KPN_pKPN3p05932	36.519
KPN_pKPN3p05933	106.618
KPN_pKPN3p05935	59.886
KPN_pKPN3p05937	140.352
KPN_pKPN3p05938	152.732
KPN_pKPN3p05939	67.623
KPN_pKPN3p05940	142.519
KPN_pKPN3p05941	389.334
KPN_pKPN3p05942	65.147
KPN_pKPN3p05943	146.697
KPN_pKPN3p05944	47.97
KPN_pKPN3p05945	611.855
KPN_pKPN3p05946	111.57
KPN_pKPN3p05947	317.688
KPN_pKPN3p05948	86.656
KPN_pKPN3p05949	374.169
KPN_pKPN3p05950	165.266
KPN_pKPN3p05951	324.497
KPN_pKPN3p05952	134.472
KPN_pKPN3p05953	97.179
KPN_pKPN3p05954	75.515
KPN_pKPN3p05955	46.578
KPN_pKPN3p05956	107.856
KPN_pKPN3p05957	122.557
KPN_pKPN3p05958	494.405
KPN_pKPN3p05959	287.203
KPN_pKPN3p05960	11.606
KPN_pKPN3p05961	175.634
KPN_pKPN3p05962	47.351
KPN_pKPN3p05963	106.773
KPN_pKPN3p05964	30.639
KPN_pKPN3p05965	236.293
KPN_pKPN3p05966	19.962
KPN_pKPN3p05967	115.129
KPN_pKPN3p05968	88.977
KPN_pKPN3p05969	121.164
KPN_pKPN3p05970	140.971
KPN_pKPN3p05971	118.688
KPN_pKPN3p05972	18.569
KPN_pKPN3p05973	151.803
KPN_pKPN3p05974	50.292
KPN_pKPN3p05975	311.962
KPN_pKPN3p05976	26.616
KPN_pKPN3p05977	56.636
KPN_pKPN3p05978	30.02
KPN_pKPN3p05979	36.984
KPN_pKPN3p05980	27.08
KPN_pKPN3p05981	163.099
KPN_pKPN3p05982	66.849
KPN_pKPN3p05983	64.992
KPN_pKPN3p05984	29.246
KPN_pKPN3p05985	244.804
KPN_pKPN3p05986	51.065
KPN_pKPN3p05987	87.12
KPN_pKPN3p05988	38.841
KPN_pKPN3p05989	47.97
KPN_pKPN3p05990	133.389
KPN_pKPN3p05991	31.258
KPN_pKPN3p05992	41.162
KPN_pKPN3p05993	24.914
KPN_pKPN3p05994	26.152
KPN_pKPN3p05995	37.293
KPN_pKPN3p05996	32.496
KPN_pKPN3p05997	49.054
KPN_pKPN3p05998	96.25
KPN_pKPN3p05999	39.305
KPN_pKPN3p06000	57.874
KPN_pKPN3p06001	47.506
KPN_pKPN3p06002	82.323
KPN_pKPN3p06003	44.102
KPN_pKPN3p06004	36.055
KPN_pKPN3p06005	36.519
KPN_pKPN3p06006	68.242
KPN_pKPN3p06007	88.358
KPN_pKPN3p06008	173.003
KPN_pKPN3p06009	69.48
KPN_pKPN3p06010	67.623
KPN_pKPN3p06011	49.363
KPN_pKPN3p06012	34.508
KPN_pKPN3p06013	25.687
KPN_pKPN3p06014	37.293
KPN_pKPN3p06015	47.661
KPN_pKPN3p06016	29.711
KPN_pKPN3p06017	46.578
KPN_pKPN3p06018	45.959
KPN_pKPN3p06019	73.658
KPN_pKPN3p06020	114.819
KPN_pKPN3p06021	75.05
KPN_pKPN3p06022	236.138
KPN_pKPN3p06023	29.092
KPN_pKPN3p06024	29.246
KPN_pKPN3p06025	39.614
KPN_pKPN3p06026	90.37
KPN_pKPN3p06027	32.341
KPN_pKPN3p06028	70.253
KPN_pKPN3p06029	52.303
KPN_pKPN3p06030	167.432
KPN_pKPN3p06031	347.089
KPN_pKPN3p06032	64.064
KPN_pKPN3p06033	91.608
KPN_pKPN3p06034	46.423
KPN_pKPN3p06035	280.085
KPN_pKPN3p06036	645.125
KPN_pKPN3p06037	84.49
KPN_pKPN3p06038	71.491
KPN_pKPN4p07038	40.388
KPN_pKPN4p07039	63.445
KPN_pKPN4p07040	279.776
KPN_pKPN4p07041	32.032
KPN_pKPN4p07042	65.921
KPN_pKPN4p07043	33.27
KPN_pKPN4p07044	103.987
KPN_pKPN4p07045	39.15
KPN_pKPN4p07046	31.877
KPN_pKPN4p07047	74.586
KPN_pKPN4p07048	12.07
KPN_pKPN4p07049	83.716
KPN_pKPN4p07050	121.164
KPN_pKPN4p07051	133.234
KPN_pKPN4p07052	116.522
KPN_pKPN4p07053	77.372
KPN_pKPN4p07054	90.834
KPN_pKPN4p07055	54.16
KPN_pKPN4p07056	363.956
KPN_pKPN4p07057	64.837
KPN_pKPN4p07058	72.729
KPN_pKPN4p07059	95.941
KPN_pKPN4p07061	29.401
KPN_pKPN4p07062	104.761
KPN_pKPN4p07063	49.982
KPN_pKPN4p07064	159.54
KPN_pKPN4p07065	84.18
KPN_pKPN4p07066	26.925
KPN_pKPN4p07067	41.162
KPN_pKPN4p07068	205.963
KPN_pKPN4p07069	55.243
KPN_pKPN4p07070	60.659
KPN_pKPN4p07071	32.341
KPN_pKPN4p07072	83.561
KPN_pKPN4p07073	47.816
KPN_pKPN4p07074	26.925
KPN_pKPN4p07075	30.175
KPN_pKPN4p07076	34.972
KPN_pKPN4p07077	39.614
KPN_pKPN4p07078	48.125
KPN_pKPN4p07079	39.924
KPN_pKPN4p07080	95.012
KPN_pKPN4p07081	26.771
KPN_pKPN4p07082	55.708
KPN_pKPN4p07083	191.727
KPN_pKPN4p07084	395.833
KPN_pKPN4p07085	158.457
KPN_pKPN4p07086	249.91
KPN_pKPN4p07087	19.188
KPN_pKPN4p07088	39.614
KPN_pKPN4p07089	21.974
KPN_pKPN4p07090	117.45
KPN_pKPN4p07091	146.078
KPN_pKPN4p07092	105.844
KPN_pKPN4p07093	50.911
KPN_pKPN4p07094	118.069
KPN_pKPN4p07095	80.776
KPN_pKPN4p07096	25.997
KPN_pKPN4p07097	93.31
KPN_pKPN4p07098	24.449
KPN_pKPN4p07099	49.363
KPN_pKPN4p07100	102.595
KPN_pKPN4p07101	58.493
KPN_pKPN4p07102	60.04
KPN_pKPN4p07103	22.438
KPN_pKPN4p07104	30.33
KPN_pKPN4p07105	37.603
KPN_pKPN4p07106	25.842
KPN_pKPN4p07107	164.028
KPN_pKPN4p07108	68.242
KPN_pKPN4p07109	61.433
KPN_pKPN4p07110	26.925
KPN_pKPN4p07111	245.113
KPN_pKPN4p07112	51.375
KPN_pKPN4p07113	26.771
KPN_pKPN4p07114	87.739
KPN_pKPN4p07115	37.603
KPN_pKPN4p07116	41.007
KPN_pKPN4p07117	32.032
KPN_pKPN4p07118	40.233
KPN_pKPN4p07119	35.746
KPN_pKPN4p07120	99.19
KPN_pKPN4p07121	117.605
KPN_pKPN4p07122	38.841
KPN_pKPN4p07123	58.338
KPN_pKPN4p07124	47.351
KPN_pKPN4p07125	83.097
KPN_pKPN4p07126	46.578
KPN_pKPN4p07127	43.947
KPN_pKPN4p07128	34.198
KPN_pKPN4p07129	67.932
KPN_pKPN4p07130	90.215
KPN_pKPN4p07131	171.301
KPN_pKPN4p07132	69.634
KPN_pKPN4p07133	42.09
KPN_pKPN4p07134	25.533
KPN_pKPN4p07135	36.519
KPN_pKPN4p07136	48.28
KPN_pKPN4p07137	46.578
KPN_pKPN4p07138	47.197
KPN_pKPN4p07139	321.247
KPN_pKPN4p07140	46.268
KPN_pKPN4p07141	73.503
KPN_pKPN4p07142	52.148
KPN_pKPN4p07143	118.224
KPN_pKPN4p07144	76.443
KPN_pKPN4p07145	236.602
KPN_pKPN4p07146	29.092
KPN_pKPN4p07147	29.246
KPN_pKPN4p07148	39.15
KPN_pKPN4p07149	89.906
KPN_pKPN4p07150	27.39
KPN_pKPN4p07151	63.754
KPN_pKPN4p07152	53.851
KPN_pKPN4p07153	168.515
KPN_pKPN4p07154	346.161
KPN_pKPN4p07155	65.611
KPN_pKPN4p07156	88.049
KPN_pKPN4p07157	44.721
KPN_pKPN4p07158	281.787
KPN_pKPN4p07159	645.434
KPN_pKPN4p07160	86.656
KPN_pKPN4p07161	70.872
KPN_pKPN5p08161	66.54
KPN_pKPN5p08162	14.546
KPN_pKPN5p08163	86.811
KPN_pKPN5p08164	63.909
KPN_pKPN5p08165	164.492
KPN_pKPN5p08166	27.235
KPN_pKPN5p08167	38.686
KPN_pKPN5p08168	29.556
KPN_pKPN5p08169	22.438
KPN_pKPN5p08170	60.814
KPN_pKPN5p08171	51.53
KPN_pKPN5p08172	97.643
KPN_pKPN5p08173	45.959
KPN_pKPN5p08174	25.842
KPN_pKPN5p08175	92.227
KPN_pKPN5p08176	27.235
KPN_pKPN5p08177	86.037
KPN_pKPN5p08178	73.039
KPN_pKPN5p08179	96.405
KPN_pKPN5p08180	102.44
KPN_pKPN5p08181	292.001
KPN_pKPN5p08182	121.783
KPN_pKPN5p08183	97.488
KPN_pKPN5p08184	35.436
KPN_pKPN5p08185	144.994
KPN_pKPN5p08186	19.188
KPN_pKPN5p08187	83.252
KPN_pKPN5p08188	86.347
KPN_pKPN5p08189	29.556
KPN_pKPN5p08190	66.23
KPN_pKPN5p08191	90.989
KPN_pKPN5p08192	79.383
KPN_pKPN5p08193	25.997
KPN_pKPN5p08194	98.726
KPN_pKPN5p08195	86.656
KPN_pKPN5p08196	101.976
KPN_pKPN5p08197	61.278
KPN_pKPN5p08198	95.322
KPN_pKPN5p08199	185.537
KPN_pKPN5p08200	100.583
KPN_pKPN5p08201	41.162
KPN_pKPN5p08202	159.54
KPN_pKPN5p08203	39.614
KPN_pKPN5p08204	86.192
KPN_pKPN5p08205	121.938
KPN_pKPN5p08206	85.109
KPN_pKPN5p08207	70.253
KPN_pKPN5p08208	162.48
KPN_pKPN5p08209	50.446
KPN_pKPN5p08210	135.091
KPN_pKPN5p08211	48.125
KPN_pKPN5p08212	265.694
KPN_pKPN5p08213	133.234
KPN_pKPN5p08214	115.284
KPN_pKPN5p08215	46.113
KPN_pKPN5p08216	62.362
KPN_pKPN5p08217	23.985
KPN_pKPN5p08218	121.319
KPN_pKPN5p08219	86.192
KPN_pKPN5p08220	34.353
KPN_pKPN5p08221	105.225
KPN_pKPN5p08222	73.658
KPN_pKPN5p08223	145.923
KPN_pKPN5p08224	118.069
KPN_pKPN5p08225	153.97
KPN_pKPN5p08226	50.292
KPN_pKPN5p08227	116.831
KPN_pKPN5p08228	78.145
KPN_pKPN5p08229	86.811
KPN_pKPN5p08230	33.27
KPN_pKPN5p08231	73.503
KPN_pKPN5p08232	38.531
KPN_pKPN5p08233	59.112
KPN_pKPN5p08234	77.836
KPN_pKPN5p08235	85.418
KPN_pKPN5p08236	115.284
KPN_pKPN5p08237	17.95
KPN_pKPN5p08238	75.205
KPN_pKPN5p08239	32.341
KPN_pKPN5p08240	86.347
KPN_pKPN5p08241	134.627
KPN_pKPN5p08242	67.623
KPN_pKPN5p08243	44.257
KPN_pKPN5p08244	32.96
KPN_pKPN5p08245	17.795
KPN_pKPN5p08246	85.264
KPN_pKPN5p08247	178.264
KPN_pKPN5p08248	98.881
KPN_pKPN5p08249	138.031
KPN_pKPN5p08250	42.864
KPN_pKPN5p08251	137.103
KPN_pKPN5p08252	38.995
KPN_pKPN5p08253	86.656
KPN_pKPN5p08254	79.383
KPN_pKPN5p08255	11.915
KPN_pKPN5p08256	140.197
KPN_pKPN5p08257	34.044
KPN_pKPN5p08258	103.368
KPN_pKPN6p09258	22.438
KPN_pKPN6p09259	47.97
KPN_pKPN6p09260	11.142
KPN_pKPN6p09261	172.693
KPN_pKPN6p09262	73.194
KPN_pKPN7p10262	63.754
KPN_pKPN7p10263	27.39
KPN_pKPN7p10264	40.852
KPN_pKPN7p10265	20.89
KPN_pKPN7p10266	48.125
